velocidade_mach,mudanca_direcao_graus,aceleracao_g,altitude_km,assinatura_termica,formato_codigo,rotulo
0.9052434697653279,12.412594798098318,1.0760931346734914,11.142979907204992,0.7385148431439357,0,0
22.437421463132516,0.6538820486733505,0.09172318723418733,524.1622232596736,0.23450145253472982,1,0
20.55991981939305,0.051379289738816336,0.08536241570308013,526.5820223802572,0.22342118888573126,1,0
0.008859625050559556,1.4713336831855717,0.022959385450256022,34.122993654266615,0.15684123487305338,1,0
0.700344323142124,9.546020552751106,0.171589534018941,9.772821661001165,0.6178574101043315,0,0
0.020387405250136617,0.8060940598756128,0.1312819207001314,34.567263610524286,0.11243776221290502,1,0
20.295748781067235,1.6586284682515189,0.21200266010330995,537.033128352674,0.13119617273978662,1,0
0.8298948397609925,0.9199643346492392,0.6070467567182195,11.169384821647663,0.6601680753218948,0,0
21.165364224325565,96.21332432202374,300.8734251344075,9.754242180336108,0.09534679829289198,2,1
0.818769340164824,7.295362229934117,0.6725372479196905,11.315645941794735,0.6036609216954133,0,0
0.7510894319982955,6.0798804097043,0.47682619938828086,9.595894841585608,0.8350161659987515,0,0
0.7222469887470138,1.2616020917249615,1.081356784042768,9.21828901909258,0.8465580177871068,0,0
20.656129400970748,0.3656755597376342,0.2477132854682001,517.1424540596535,0.2854247563728899,1,0
6.771566792732882,150.9185048244819,138.4568266217053,18.08620816172196,0.1109371765832614,2,1
6.375078128449749,139.47455296469798,350.2985673854213,26.393607443447433,0.030599190541408104,2,1
23.45290279207144,135.2134637974886,296.7303964109551,22.24540621172085,0.005506941522459996,2,1
21.791140750687074,1.351682490174752,0.13281509003385814,526.7474548746337,0.24490337027972361,1,0
9.847073902735247,149.69796385536017,603.4598192797669,16.744483547478644,0.022971675012593427,2,1
0.04854701248023093,0.8857676161131278,0.14441321284075706,20.604282781669976,0.081084565027831,1,0
20.555586703602405,0.3482186706681687,0.029518694914019192,539.6181631820803,0.2528745324443472,1,0
21.76836196845409,1.2265833697747581,0.19130647406878065,514.5213247988527,0.24281054467562535,1,0
0.03997079394844896,3.473482354272134,0.05442902744599254,28.853460003036307,0.07219477938800536,1,0
0.02238014701601085,2.789100959646007,0.033206862683239094,29.202097079587645,0.0726201473268021,1,0
21.503263640786592,1.4123863659267173,0.16028716556810274,532.4440740279863,0.18591918871521293,1,0
0.03542860023013147,2.3678694421754427,0.01158409211175966,21.120416266367812,0.17048293183972954,1,0
0.032663150961866505,1.6615731267755445,0.10849572714387351,27.399152701756993,0.01630529791048534,1,0
0.8752237906482531,6.890202119192587,1.2789279810261935,11.306753223946192,0.6198707933555597,0,0
16.586268055769217,170.01005497331994,441.5829906473212,19.13581134063423,0.07781217706720642,2,1
17.283724886380227,111.29488044367565,390.0988510640823,13.159910012770496,0.01123437630029756,2,1
5.21026449083307,158.57009049397357,635.9826962728737,13.268777671186582,0.08033137096466973,2,1
0.04955632159106518,3.7360979387101882,0.14799727733712237,34.25469129395888,0.04058727351498044,1,0
0.029311491600839863,2.52944339442233,0.12229084708692957,20.27165275731261,0.1744247817888303,1,0
0.01927987962566667,0.3551744452200106,0.04215862031000572,23.440486655565085,0.09382144220951574,1,0
0.016083499482977433,4.24021044800742,0.14577228845398937,21.43098915969816,0.08574040419728673,1,0
0.8396081318610669,11.96871239423841,0.6543586617274367,11.745270205221129,0.759908660173842,0,0
21.965725941917064,1.1017147412182786,0.02609602797342304,524.507192784242,0.1745377034024628,1,0
0.04122357588022746,0.7321812830140806,0.16658594311484562,28.10444797685461,0.16893318181804487,1,0
22.11990279040279,0.7489607999360339,0.11084458020941408,502.7191567376537,0.16998898790592795,1,0
19.813271621332518,133.6516188771637,151.241818097633,29.187611005823115,0.07770156470641469,2,1
0.7685109280660847,14.692657929322628,0.34546237784507394,9.051483305495251,0.8290093269011733,0,0
0.036424533858080664,3.882237232498623,0.1312323675362143,22.6614315420456,0.10900538377938768,1,0
20.340672776598886,1.3431463911855992,0.15609231027113799,546.3391035041384,0.20403270022239867,1,0
0.023800906468438326,1.8794414257288468,0.07889525571400707,26.8917015260898,0.1570033087674114,1,0
9.21939781239901,165.74598067884966,118.21228331980257,25.39247947792003,0.06904935759641476,2,1
0.7698569185328821,14.291962914019415,1.2552810743817955,10.998920657505119,0.6365285733375824,0,0
0.022588383936861457,2.9330423158773704,0.03360284154897269,31.053106174162732,0.17255941550864573,1,0
18.53234467105013,122.70635387994844,662.9087035148335,8.629219901120765,0.04982587830925988,2,1
22.800713250372944,1.6026959837476171,0.20227765260194971,500.34311488164735,0.19316515064462492,1,0
21.538707248441593,0.1873448414118204,0.22638636647957752,529.5158660063437,0.16048949565787599,1,0
0.005401447874578963,1.1631831919338746,0.15005215881746312,24.117600102606175,0.12493279485674336,1,0
20.724610525105046,0.7085426544344313,0.03160364534439995,513.3416782848902,0.203844914156041,1,0
9.081287770932011,116.27200561480265,549.1652251490993,14.73673645201486,0.03240471605896083,2,1
0.03811425673883079,3.9890682442931724,0.0871166629625866,32.26751324262533,0.02404181107412169,1,0
0.8178444518564673,12.541765548108732,1.249943708060972,11.52997850336365,0.7455283979938621,0,0
0.8523359272358595,4.041185006977822,0.44177573114688384,9.504873126518792,0.6656292658719211,0,0
22.133448597314054,1.6190020922794308,0.10459979618751881,505.77059306548523,0.28810465289792075,1,0
0.02983882099808448,2.507878499589742,0.19523739499761675,30.25180666111263,0.07508822193358254,1,0
0.9114578453568568,12.66800773017227,1.1462481541923333,10.61907639716724,0.7760253496991545,0,0
20.375557376607652,1.3711305744579427,0.1290917684698388,512.0314836020202,0.1983189093482874,1,0
22.619129441045608,0.33771692674079,0.01609043745624925,543.0478994367147,0.19509514304654674,1,0
22.370091308921182,0.6093582781960816,0.024275784915375652,524.1788107259097,0.13470490299730173,1,0
0.0020533758383937894,1.9941045072239727,0.08670414751614841,31.16063964498673,0.05017210546933224,1,0
21.690979913086288,0.9013729498778262,0.20161681162567602,535.0134180394891,0.20515124391182699,1,0
0.04686142436182256,3.439428611504067,0.01356741182103438,24.514453504202244,0.14163441772905633,1,0
22.29306015930928,1.2474861697280182,0.22869078735028797,502.3362810012599,0.2674239255661304,1,0
20.797785351896355,1.9806646075872967,0.007730879629305343,536.2117283900673,0.23190119633026543,1,0
20.885217047792928,0.5977142705180616,0.032117153566255816,526.4034827905639,0.24594238129948445,1,0
7.943265021898906,116.81795119462593,153.8557003360943,27.3693748082463,0.0009070564775967626,2,1
22.25261320337449,1.5090857481693647,0.030937160650779783,554.153174400774,0.20105047448957142,1,0
21.793004848108108,1.732191267223383,0.28402011867701865,506.35434826422545,0.13096572251954397,1,0
0.7203039289703241,7.217180910844398,1.0628986039345163,10.534971040641784,0.647093304814858,0,0
22.943431195375467,1.1390795591342073,0.07786253495282709,526.2197531399372,0.21871218707575718,1,0
0.028940337725597027,3.161956621641937,0.03129534320072012,27.10881830174154,0.1432794223916198,1,0
0.01162706658104275,1.1301659839432605,0.11021019065898648,27.853453692947838,0.05645249408258657,1,0
20.78933770973253,0.7202728149430382,0.026292824029151562,556.2174693818638,0.21076044814247524,1,0
0.7263623804438821,14.612469429420234,0.12803689829615425,11.21154067502173,0.8305799414365526,0,0
21.0352512365397,0.06020774442263788,0.28844769737223364,540.0720744020488,0.2866410175518612,1,0
21.103147409178302,0.5304047353634509,0.07319689301372508,558.3806332851467,0.17861954493335208,1,0
0.7349093522117307,3.8734652949924,0.947576460510622,10.299489333945498,0.8322908048833786,0,0
21.57651386590592,0.9632696930697247,0.053066143543156315,523.2247256201379,0.2927644550964702,1,0
0.04224311637448164,1.1199127293254056,0.04782850908690464,27.68450520330621,0.15471442034614408,1,0
0.015948781514688065,4.2243765548472725,0.0046543871471651736,32.217027238834035,0.05637095495467999,1,0
0.01803862595552999,4.529455523938802,0.1539889400503358,28.34955586905076,0.05112899956185446,1,0
0.03483685826820753,3.14471423389942,0.1754944027054106,31.026065657058286,0.16069618607696973,1,0
0.7852709509262092,6.929204050064336,1.4882237724183836,11.91224987301201,0.8826946169019578,0,0
22.421567956373565,1.7226392516301816,0.24517569341004636,530.7635836557066,0.18767699600615226,1,0
7.250062610532635,156.2328365736554,265.0593289354747,19.353681486343838,0.051144296046448275,2,1
0.8101564036840677,9.6729183422247,0.13294549217973828,10.288868591690532,0.683681422822043,0,0
0.02276915677403038,2.0748021803984025,0.1460984954964599,22.030331524599262,0.03952784411822603,1,0
0.7568549564642,8.160248687741273,0.990499069221755,9.663190114361186,0.8935191836401788,0,0
0.877363093820834,12.656059896100864,0.45556482440083457,9.093346799752073,0.8217884205494319,0,0
0.04041176050046111,4.7384401298223535,0.014463295051587721,34.32672810937552,0.10451531986734904,1,0
0.7268467087508067,1.876878857126204,1.2906602606651727,10.03381225334268,0.6092573712924217,0,0
0.043217912491981855,2.366049533457786,0.19363868558294436,22.782882735546817,0.17372463359112217,1,0
0.020136974237341537,2.5980583790150376,0.19930526175972385,22.02825970569282,0.1350912090672851,1,0
0.8046201282471018,8.145368759364947,0.4188496305444934,11.89208654149654,0.8728363832811726,0,0
20.396538973261617,0.8797112794276698,0.19318697383428404,522.8571107014085,0.11091308165653979,1,0
21.608289099032362,0.6190552325726555,0.24413850591208458,541.0838703532328,0.13252338786897827,1,0
22.402847884047198,1.3543366847659635,0.17201011250158,507.7100211940346,0.26224083534720055,1,0
21.88888503481578,1.7269692167382307,0.03968638429531147,558.6553976207026,0.21652572920807311,1,0
0.8082911093401298,2.9251347065792372,1.0129302866343108,11.342758069158272,0.8374390622668557,0,0
0.002864012553881168,1.1261185113424488,0.02626988162898134,25.98254044555594,0.18452461161755795,1,0
20.95609362682145,167.7929639810376,374.1328430423601,14.515696765489144,0.05790764034777537,2,1
0.0008757995431031119,1.2207364521118713,0.1661754382683411,32.96913253932555,0.15370387290475826,1,0
0.8631525762793928,4.19123826264108,0.28431502431056177,11.564110350279591,0.6495906858413883,0,0
0.04997788516252193,3.8472444704102355,0.07957314060348544,32.4132957841107,0.034141672662496035,1,0
0.03714407468339695,3.689586966770127,0.10428980483337602,21.02688079000367,0.07422258768602556,1,0
9.545221071193247,138.94083633525722,516.9820798728855,15.697427337404369,0.14854277558774118,2,1
0.025945885264141877,0.23482983387527523,0.03325667375121588,31.070504246395558,0.016559733585025296,1,0
9.035898965049139,171.7943847945176,556.2400403724896,20.45375188284518,0.045144947944743254,2,1
0.858059868410961,12.939607067237684,0.35095785667090607,11.400010445291045,0.7658121227155636,0,0
22.128166465473157,0.21080275479292454,0.25165615857122065,540.2607788319746,0.2394048332008599,1,0
20.03596327173866,141.14417546418915,264.79952187274324,14.495829967341635,0.05006648956046967,2,1
0.034127023938357856,1.6580842455391698,0.10011586348616626,29.685875650265807,0.10211408174570072,1,0
0.02278283763928565,3.1006629890076836,0.05547623659622654,22.82181739585642,0.09273968098799644,1,0
20.90699974805448,0.5186697946341889,0.05838715101146158,503.4588549319415,0.16848959576694267,1,0
0.020875304201394607,2.3097142528779377,0.19806826266835542,20.003562853638268,0.037094581915344496,1,0
12.333577594059628,125.1825684157046,685.8739176612461,28.66265752793253,0.12002063741281138,2,1
0.0166228078574356,0.2829282807335781,0.07478420940256272,34.166728740414555,0.12834687945971165,1,0
0.024848174145291516,4.960790074116563,0.17028499154901916,23.127657715360037,0.18611904292878326,1,0
10.178085495862792,94.75440177282498,535.6509108903103,4.078438441163257,0.045416269240795074,2,1
0.04208616808723381,2.901107593925147,0.11193768896758799,21.578887777955185,0.03347194662772559,1,0
20.868318564858463,0.9353624249697541,0.18581699080995057,524.6714285521695,0.1854972908180536,1,0
0.724004118988465,9.757674716875737,1.1712672103780986,11.777024492642136,0.7314517039235963,0,0
0.04803902757434885,2.079536830734704,0.16924905840380988,29.431472273089177,0.14707005973315054,1,0
20.168528232042316,0.9821914587663303,0.2781331886575282,506.3235930864683,0.25288814561510087,1,0
0.8229930426882525,4.817432289539302,0.4081558562666544,10.051561602858484,0.7117599821278653,0,0
0.03438610212152803,3.613534788491142,0.1385064863074216,22.01652694112183,0.05987911767433625,1,0
14.677204377286229,101.09227123192963,284.6074536867691,27.81875701463883,0.024254182991098026,2,1
0.01532077246755182,2.7756689337659424,0.11759832589276656,26.397496208627917,0.1230841559641671,1,0
0.044405909446701794,1.626453091808739,0.1801921791380936,34.94236510248168,0.16508313282478962,1,0
22.56182864642556,0.02645762581058797,0.1535341369708442,546.1665547652934,0.2869591034985567,1,0
0.8899334029058016,7.786226777043271,0.7708546286816232,9.076926197419308,0.7023743482878468,0,0
17.991120135139234,168.1199632705581,596.9115215940717,18.968613914933638,0.011291807497751044,2,1
22.638023060529584,1.617579969127077,0.20314572373730208,537.5017511651123,0.163309933053574,1,0
0.04813242073389626,4.1799006025610295,0.1391948412187396,26.134294166214048,0.034658864014169156,1,0
0.03343216099622155,4.646879945637929,0.11135257860278597,28.574190342048496,0.055995818732056835,1,0
0.006566756320468903,4.340271612661464,0.1926473306880264,20.469534706212745,0.14625401339473712,1,0
20.902634929450308,0.5696809887549352,0.011066084206359838,536.5738600387938,0.2005358046457723,1,0
0.7702490002698913,14.250929505762073,1.4308500057125786,10.720313664369858,0.7895511636509398,0,0
20.917091057861544,0.38182206230069204,0.08054245706704705,529.116792456579,0.17453737341880987,1,0
0.7555561120565922,5.388761218743683,0.6311020258913932,10.81661447293465,0.7070196159120005,0,0
0.8333193327996256,12.741696093386032,0.16299554972959412,11.202453777124939,0.7023955937850156,0,0
22.973767981106565,0.25678857890825046,0.0312328948152499,543.4603290277245,0.2156773834012818,1,0
15.649418157677948,140.7974929001773,460.3499181922816,5.404532245316169,0.05696061072324731,2,1
17.06426124199009,97.17435658685565,509.8685714338279,28.010717906825846,0.08634978794961294,2,1
21.89605762526731,1.4522225186892739,0.11008842210216015,508.83362446463104,0.14131620324435618,1,0
20.93644417008934,0.7980918922742222,0.2573958761768117,500.54182424777304,0.2176825266681211,1,0
22.161151995759337,1.022227276979001,0.18129389467209595,527.653900292395,0.26574179676360127,1,0
0.9147179869117343,10.010255970696425,0.1145987791563643,9.766240454055659,0.6782139899759749,0,0
0.8699535829374689,10.537325123827033,0.9613551145953795,11.281272935047415,0.7538766494324297,0,0
0.745734976132126,0.39798305810729573,0.3540096091257162,10.749124682909077,0.7264273651777494,0,0
9.775035421720482,109.21885690413072,346.6866018879922,21.268927851453878,0.03261793983258539,2,1
0.8042814142662943,6.6619156974862745,1.4928011622830502,10.636143363654908,0.6264605111369612,0,0
7.581424938617629,116.80734585511901,568.0288522240261,14.41297777326022,0.03412224055403099,2,1
0.9047952218533779,12.400719898965274,0.2819018943499818,10.694953073025761,0.8599643945247261,0,0
0.00948474240873386,3.0947409650386075,0.06470007898229475,32.514550489321515,0.12585976120214723,1,0
0.8836883852527688,14.620358940728272,0.28964335151256715,9.694425641295894,0.8605228571840802,0,0
0.8041637895717244,2.5980280486502276,0.7073923089331622,10.19551420319212,0.7847550294156649,0,0
19.562328746723328,144.02262690896248,538.750353608425,23.20752537428407,0.14631155515271177,2,1
0.8528210109566201,3.2807341949689093,0.9334245722984846,9.793905080776073,0.7985906834381606,0,0
0.010908716479663662,4.676890806535586,0.0932232585316978,26.680797889668085,0.00291343095025578,1,0
0.8343695607507084,2.997619069229093,0.17773504593281078,10.70539469552382,0.7954547049986678,0,0
0.7521253314794627,10.160896948333091,0.8920941767773948,11.787434151635061,0.7161967553925942,0,0
6.114817071748835,144.88314853933053,244.48228964390395,11.91081364053046,0.012087121842977038,2,1
0.7217221855141864,1.1349165585616627,0.606157958255654,9.276503875417298,0.7755235326618609,0,0
0.889643186099977,13.841357857700915,0.7818866863465102,10.818758813252932,0.8294429402708987,0,0
0.02570477212756299,1.5423414074474202,0.11460844012380314,24.87816794414317,0.007853882848330463,1,0
0.7614608970656376,13.954783272567354,0.45428180592109835,11.343511271360757,0.8475396587786111,0,0
0.8763381646142577,14.3936496648155,0.7829956614969074,9.32920859603251,0.7643878466921079,0,0
0.8741739974597373,8.232579850800882,0.9580602252067288,9.678441154769823,0.854075618426568,0,0
0.8625858427133509,3.3489507825779445,0.9986039423974975,10.711948871642804,0.7704277537013602,0,0
0.713715099752473,2.2160863785934004,0.2863637000224696,11.061496516209994,0.8533322017900886,0,0
23.554914661508146,168.0931888127315,524.5723514443212,3.633307913859458,0.11638158817045395,2,1
20.491643071341446,1.2856378296003486,0.24295805620817584,556.8437149751868,0.1674680282034047,1,0
21.95292040145286,1.090863738813811,0.018681931764565684,530.7501589262199,0.2612807234465679,1,0
0.036644945917067094,0.8119094733116045,0.03766981675312029,30.962442123063145,0.031232768958434787,1,0
22.931522552663953,0.8138159214457412,0.26122603510117776,546.9431290434964,0.21340325219733355,1,0
0.8786105472822836,0.20793203869290178,1.0091303483312712,11.006629593122057,0.839596734106991,0,0
0.03395995756005847,0.3828412921676949,0.08415224035318516,29.02523246027444,0.1874217889839354,1,0
20.64187111606471,0.026059135514167497,0.004257014818730154,549.7634976175108,0.24642452136859117,1,0
20.517571630839086,1.135948594632161,0.08890728405398651,556.2989437190789,0.2637480458968101,1,0
0.01048764738418407,1.895135631095487,0.19469147799523465,25.05260752791655,0.05929795625666306,1,0
20.03425395036222,1.407399559258102,0.2910771329178171,526.2596796888922,0.14699468099919055,1,0
20.990467850946814,0.21360140800472727,0.2860208638146285,503.6136166940178,0.1595300555136561,1,0
22.0818453334013,1.0854488866951923,0.07553971767208582,520.7417596102351,0.13631954336028512,1,0
0.02809964237334034,1.7296022375084714,0.0630379042194718,31.57786589272432,0.017284922152509298,1,0
0.01651075324357488,3.783757528443175,0.10387717190078748,23.073219112260688,0.1755660156304082,1,0
8.323699992194983,119.94565288593412,663.9546237314253,10.619288021405719,0.1482186113931953,2,1
0.027523588855147024,3.95007420779941,0.063596510268067,28.695967492012883,0.06912499871528031,1,0
14.539667852353075,125.02877567610949,632.4547212222161,26.87103856476472,0.050372454696230175,2,1
0.0031564954603983232,1.9837752822776467,0.09480125318968902,26.768999211096716,0.17383497148061747,1,0
20.426765719330447,0.6263264036595542,0.2548602646463704,505.3393828913808,0.2983392146744903,1,0
22.170260341065756,0.9917514701575416,0.02431386477229438,513.2109921169887,0.23665175273191918,1,0
21.337708119130244,0.5472533325633318,0.29913735004731334,525.5708781341584,0.19027740486593508,1,0
21.724338662793244,0.059336446129479636,0.20262606226412674,502.6912140814141,0.19011940379662678,1,0
21.73151834986265,1.754276883022808,0.13014015367643153,509.6508904374648,0.2116084650297934,1,0
0.021612039194625617,4.200607513706094,0.07843024228903933,22.6924598513575,0.15073976681010384,1,0
0.8341334335335755,10.494593544331826,1.2734169649840996,11.408432804473502,0.8882760440786475,0,0
0.04063997836287513,4.736242886919293,0.1972002127645742,31.300672778884124,0.07525191710618316,1,0
0.7331578596723944,7.62298165111078,1.0741379295072346,11.57507641444116,0.6977876715605654,0,0
0.0366743373246052,0.5809547826272299,0.1561991787229983,31.779032172740227,0.12022053912486566,1,0
22.2718489348265,1.795929293695577,0.025238298677814852,523.5862344535641,0.12004911274457533,1,0
0.021380066685166867,2.2127275740737278,0.12986446491537634,34.0442093220339,0.012801269321724186,1,0
21.124474773049993,1.2426612483114146,0.2156154339786607,506.63621593238963,0.10711804616129528,1,0
22.464943798885315,0.9230458551772136,0.2949916970455402,547.2025004424386,0.25473251297913313,1,0
0.02882582377571268,1.37027610343603,0.11083560050315869,29.771305825277963,0.16594836074144034,1,0
8.680895441004271,158.08059791900206,384.4947675274478,7.160791788443559,0.09249329672479126,2,1
0.9076143504204486,14.402034066081708,0.8300434942100606,11.93192372397451,0.8271930621403316,0,0
20.425982778056255,0.6084837276543915,0.04177405337823285,536.7205117975673,0.16126019937750752,1,0
0.7472096063358423,5.658886248419638,0.15454838523432707,10.854761653013679,0.7009662644666179,0,0
0.003866053274439363,0.5212348302590475,0.1680879263960846,33.660292973835695,0.02456215636914676,1,0
19.016168360034804,158.87846695728476,657.6420903094923,6.54167106715818,0.1196997052828836,2,1
0.04557573629329254,1.107586360565529,0.011232401980662622,23.834586406930423,0.10551272979988398,1,0
0.035802498662107225,3.531230812776311,0.1245379081899595,34.85163269130299,0.06237588715274505,1,0
0.82987649190093,7.6254082037441995,0.5165678318463488,10.695065978577048,0.8066655906150272,0,0
0.725723177815586,10.232297423424525,1.4298595355445063,9.41126837423627,0.8201649392407624,0,0
20.335758858193184,0.5394992230339792,0.017126056826794456,531.870171680062,0.2873211384589923,1,0
16.552261612742676,141.381634837693,299.4560153046191,9.808228829562498,0.01599354284048968,2,1
0.00967176714782413,3.2075224062812584,0.05196562758805989,33.29129163220274,0.17913798885332333,1,0
0.8120728681929538,14.950452807794651,1.2395583773084264,10.845658314693033,0.6918760862359835,0,0
0.8216846336328417,12.183871814855129,0.6376596937475405,10.998803584437116,0.8966506594167494,0,0
9.35175879863289,102.04003304945712,671.9843005494236,2.643634833644123,0.02986401299038885,2,1
0.03978963347180506,4.450026709087831,0.06759903137030716,25.63374428959916,0.018796387968173803,1,0
14.795717359764815,137.5790943590348,300.66551627086244,15.819724432947943,0.029633385851771735,2,1
0.03609993861334124,4.692763545078751,0.00015575316820286568,34.88317338936827,0.12349630192554331,1,0
20.639255026054425,1.8781141919343742,0.0020046387671663335,546.3380609099206,0.22504095390608844,1,0
0.03155853229783532,0.24921013891470778,0.18078266605207494,33.64085288012594,0.1560426126860205,1,0
20.37494262725026,95.57518667210891,446.0847517829535,4.016708063796914,0.005469157623842769,2,1
0.7715558593034014,14.119086723627774,1.380623560939105,9.034441979248134,0.7350349579424433,0,0
0.7194920945295158,3.309179290668169,0.9375154116892342,11.20698934271757,0.899504253417885,0,0
7.910309655747183,168.94148057086517,416.9135570538137,14.284199382221326,0.016006772865353142,2,1
0.8333522442853656,4.367163716777685,0.38993288544719973,9.456983356988037,0.8698365637638306,0,0
0.025614237862174257,0.5714288499898973,0.15296019449185547,30.18346587616761,0.15459734426111738,1,0
0.7532075039980993,1.396541517088488,1.3561020611346575,11.701254171489992,0.7899304371819804,0,0
22.810189966210203,0.2750418882919865,0.10231990531507755,506.80841127443534,0.28493872365571254,1,0
21.453195342722122,1.3216402365985014,0.16590043577758753,535.8485517579159,0.2567665106837724,1,0
15.090058481096715,113.476432136588,105.4522209707298,19.624777055314645,0.0766640732208597,2,1
0.842922262778321,9.116051923182887,0.817763915423112,9.692009435153276,0.6529584096016525,0,0
0.8631766535328447,13.221761695125322,0.4890629361484149,9.581861601803325,0.8639449457825816,0,0
0.026237821581611892,2.1597250932105787,0.058245828039608386,29.17779342083569,0.027898772130408367,1,0
22.883945864554722,0.9309400175399671,0.2637214440684395,500.3087102452829,0.26398938348162004,1,0
20.912596158908844,0.6078850245100547,0.06912499863520497,500.0884293251787,0.24586895881759926,1,0
20.7672311046449,0.654841917466896,0.04938615397095145,510.8703110510012,0.25813822038003353,1,0
0.021304169194518576,0.6535518837009974,0.17732084304809337,26.746769732319837,0.03892450236415301,1,0
21.111416308374146,0.9690459703820427,0.1854764314590888,522.1348183741864,0.1925069432266296,1,0
22.88340645622278,0.7789637898048407,0.11565357142107668,520.4232262552704,0.20828152146951703,1,0
0.007330241084601275,2.5666308434619642,0.04664561448490556,28.719581258401735,0.17262770439780079,1,0
22.08623336931994,0.15086909417953853,0.049864629572775876,513.0085463951895,0.15889878936788598,1,0
22.191951530717738,0.9304112245674363,0.018042702780235564,533.7378089526746,0.291525056901076,1,0
0.7182360907725379,7.925551819458137,0.7108701642491783,11.406327747080201,0.8933702006262813,0,0
16.547068024393354,148.17666377052802,375.0180876557837,16.096865936579555,0.005156528752758782,2,1
0.7899987326996728,5.31565774479203,0.5239618445702391,11.192638869966622,0.8102176563852792,0,0
17.34388454233933,177.28369781704063,536.5786826198132,27.716810834271755,0.11433180874712655,2,1
0.043948945014113366,2.858861760241611,0.10348927035100826,26.45641115481485,0.06338931755822386,1,0
22.93991098807655,1.2037631792726442,0.17472679746217393,544.884390765772,0.2623539576180275,1,0
0.029188639025705582,4.761108928487973,0.008484459641378339,23.979892063332006,0.12031077585996482,1,0
17.97365906714729,170.9324026460282,474.1031867484023,4.372995174142314,0.04645375666577837,2,1
22.704777574151304,97.80359108360761,423.01786126061364,27.44027574523848,0.05819591315968295,2,1
22.579821220208963,1.3606150771755594,0.1351497755908629,500.79589766959197,0.28844035113697053,1,0
0.045919877104077904,3.248940233821498,0.020686822972096675,26.03040825332361,0.14578784002103146,1,0
20.013089808950927,0.33390617749439744,0.2139138151902956,539.9831248146924,0.2932095010257354,1,0
0.8214195045303868,8.414069573030794,1.327315043721683,10.210448598637191,0.6402045685351923,0,0
0.787741011797318,8.702585538409984,0.8470435654176298,10.823715278380334,0.8294649784626384,0,0
0.04139341876610864,3.9385650776385432,0.12488508929434561,27.417216969426395,0.1959101680763514,1,0
24.316646394366654,108.52149392904795,544.9396650800977,16.626979314470695,0.13267180913951387,2,1
0.04453292277309212,2.984726117065863,0.1620322179919405,26.445100450327217,0.14997198625765376,1,0
0.7248475058504581,1.3076920174774675,1.106708426295398,10.260356183543175,0.8716079622833611,0,0
0.009758325860932521,2.4469626870329435,0.14832829036720846,27.38853606129946,0.09663617266273371,1,0
21.351052936716236,1.497652673926613,0.19534427546450223,537.2557140487058,0.1704749893219309,1,0
0.03804271722572478,2.734298204875631,0.036061587084555626,26.8789691527076,0.11217489267252352,1,0
0.7176514240455613,7.86767084355382,0.674555557785526,11.947135850725818,0.6336116706504157,0,0
14.495380120873024,120.26910548433003,652.3215310615328,0.854089304544135,0.08292223135775235,2,1
0.840800652704121,3.3705176545902,0.35201461246181287,9.265666752669723,0.6309926871372047,0,0
0.7429529326504283,5.180129283673318,0.5698546359777797,11.93557640516742,0.8569611671243781,0,0
0.01975751180009072,4.6332943289689705,0.1454543991712842,24.89811153208753,0.11408879488107988,1,0
0.818134373036551,8.894099022625547,0.9121206909729356,9.274460512193265,0.8632382587891141,0,0
21.218035405118332,0.02739710081782909,0.02406667393671422,518.7317820930563,0.1031485825991354,1,0
0.8810138774128725,11.163174854149469,1.0534551979356725,9.71251941387741,0.7200668678616075,0,0
0.8424407469640202,12.656325659809404,0.5548919121692978,11.061886687747553,0.8884847421138498,0,0
0.8146361019118453,5.253044866360954,1.048462780752862,11.275505642749172,0.6043884776633027,0,0
0.7557948095891358,9.631297610285985,0.4857511939971916,10.483563375361223,0.6365085920180017,0,0
0.7870133373667834,9.092830703417572,0.9368129913582101,11.378868283816894,0.7965028016496326,0,0
0.8852473247628128,7.814369659080633,0.9730199632038635,9.26737329634805,0.8265811261490423,0,0
0.04867444845886985,4.8443892764284575,0.14993036634858495,21.95129360195948,0.15165263918580452,1,0
0.04327811915861018,0.5142129607873835,0.025191039275871654,34.687273326509235,0.13476777965400094,1,0
0.74026339773164,0.3305274044625628,1.1080112555283583,10.253969801611452,0.6266520735262693,0,0
0.868545505215029,12.688821595165983,0.9590457599324417,9.265814141909036,0.7462883429001632,0,0
0.7181518775768927,12.367710703452508,0.6009218912995798,9.966284106658007,0.8932399158944357,0,0
10.573886318570516,176.29846858713688,185.68858268372043,17.60497249340789,0.04238254012779583,2,1
14.354412319423018,144.53071336615346,357.0110803413078,1.2996462439188767,0.11752522538818633,2,1
21.72155179392508,0.12180386619898664,0.00927926441806981,542.8648460882299,0.17232941896820891,1,0
22.75859307396815,1.986510030845928,0.013473389698684756,545.6604754097235,0.17434481328046864,1,0
0.7255249898965972,0.634376238340218,0.8904806713961683,11.790512896315274,0.8532746107217455,0,0
0.008288727008163788,4.728490735001412,0.1699950742961324,30.035335059936624,0.09245911220012144,1,0
20.332932573755443,1.2688482905731673,0.2312341854791639,500.1728750999369,0.2717913370841259,1,0
13.414731251372336,135.17508646186576,645.9580948958311,21.659225338039814,0.08731051966863353,2,1
0.8008750619540159,4.338671579589818,1.360116456223073,9.348416880601576,0.8867756486865959,0,0
21.829989973347864,1.6663898234723287,0.052009396052331625,523.4636364543944,0.13644721755761247,1,0
20.05913161326309,0.2082171639691477,0.2399748256119568,510.71267972326,0.23054922157037494,1,0
21.870946334870798,1.2970096402373763,0.08022060835726239,500.9066410528685,0.29300307389089436,1,0
0.026122207270273225,2.813558495111696,0.0882447427310653,29.08632954708585,0.18374694212127549,1,0
0.7502117799686138,3.699054524670369,0.7777078975942822,11.242333219790082,0.742142948519384,0,0
0.8156787717521312,7.675220798722676,0.3318796858395715,10.937221530286838,0.6134335351514004,0,0
21.664195409847064,0.15351612377747603,0.0012562330883873595,540.226060027815,0.22836390336028706,1,0
17.301395080293958,173.42168059312777,677.2350993648109,15.514291692450403,0.06792372079264901,2,1
0.010201781731444943,2.7754247465114315,0.14661425920593496,29.239781753902683,0.03760494692308323,1,0
21.257814983498065,0.036248082091459466,0.2378274340718438,504.14275437887596,0.1948510041953907,1,0
18.834402282693777,149.5208411050252,123.04052639580674,11.363378168156427,0.1468547761187501,2,1
0.7029152273708603,4.4391433328798495,0.7428649272255865,10.23328082664132,0.8165787682547039,0,0
21.91028515113298,1.4964656626637918,0.06751256285126163,531.7234651459062,0.2651835414632061,1,0
0.0336351497104449,3.9834069859568615,0.0500935797584998,29.373111494104982,0.11434919662874975,1,0
0.0033486806012635764,4.386752265664193,0.07788098779577507,28.12641446401345,0.1936131624101518,1,0
0.006278278931862569,0.8564747891083518,0.16547131096522913,28.77257947533323,0.06750649317676378,1,0
0.8392393927492555,1.0354431133177444,0.10793214034139419,11.811273085376385,0.8465779907819789,0,0
0.03550550282108533,3.334272105071339,0.04222249423322724,32.951011502855025,0.08026120484394245,1,0
0.03447324845686329,4.002933495545414,0.040030048848962024,22.512238733886047,0.02091356806688005,1,0
0.9104552166383608,1.0343702453463177,0.17987660961175606,9.8465612240796,0.6785117051207717,0,0
0.029059771186047828,1.2681777775701915,0.15126685391657735,21.225009137901445,0.18485741415893225,1,0
20.196878433722038,1.643025894814882,0.11155005877161737,549.1271386014256,0.15050174993767645,1,0
21.445000963892348,0.7559751802445089,0.21152530928899796,514.9234492658172,0.1660505058038197,1,0
0.9114354698432802,2.2299409162966946,0.6804737732178332,9.256049004235932,0.8990622755537843,0,0
21.85876386469349,1.3004021847963068,0.04560745593859443,503.6809776266401,0.2561523172136879,1,0
20.246816972831187,0.9191681144272461,0.09193904041284609,549.3428726711213,0.11139574539947367,1,0
0.713003280592644,10.360894726698946,1.1203007111592065,9.140918973294418,0.8784155250686545,0,0
0.8582151773278052,8.4498696304957,0.6985025638593563,9.979015292795962,0.8518978967126372,0,0
20.231174837402992,0.1171018584879584,0.10027149560881823,547.0938186266881,0.24153618694818316,1,0
0.04480375558972867,4.235972195167909,0.06302940782651066,24.143559874627297,0.19633066477048958,1,0
0.03356354126145663,1.3532197099088283,0.016245926961334534,34.88872693231645,0.03124030158611986,1,0
0.044694629152547884,3.9429860561226535,0.030334975946550238,24.675831016933223,0.049697827962893154,1,0
0.7197815738691344,2.8987412285125225,0.17078286314335453,10.879371059030781,0.6861980149526705,0,0
21.498001504935853,0.5320385560107614,0.04477133338505283,507.631985761247,0.27293207842808354,1,0
0.02970709313782288,2.056872857062947,0.025277284481133422,20.4176586136612,0.12454645645856666,1,0
0.0229215712065719,3.6250303814955935,0.1148575150180422,30.008185057912716,0.15540985713035124,1,0
22.389628960580698,0.3668695797323276,0.23390730008183078,535.8110094767892,0.18916655057071824,1,0
0.7330371801797492,11.061506530822284,0.8171106891377442,11.04068333762506,0.6125018701807152,0,0
0.8672354045538351,2.308498570406605,0.30894925763806347,9.80452310323474,0.7083224179023111,0,0
0.00509465504364684,0.04159971113596006,0.08671655852652288,21.38938224577051,0.1496768699352463,1,0
14.3007266844182,110.42806855243688,546.3431123812911,27.616636916084893,0.06356551798963851,2,1
0.01953410554929696,0.9571384024977125,0.08233109209134049,34.024916477581485,0.086108041901438,1,0
20.65941604646957,0.2630365338327558,0.2571388679568847,534.5213241950934,0.1152769889982912,1,0
0.836954333060544,7.046156444860257,0.7264553978514409,10.422865261293781,0.7772602323813125,0,0
21.790528546750668,0.6684877816339216,0.23127366112374656,506.3958951880263,0.11502755634716176,1,0
21.419498603155677,1.2122037621116772,0.23828683498993872,506.4019550068062,0.27014549200329097,1,0
22.70868498557596,1.704527748782363,0.20034140496792194,535.593294206443,0.2784604996279304,1,0
0.02951427714765799,1.131395541071159,0.07684792402747627,26.75185041772898,0.11585327076410537,1,0
0.03033658623587182,3.364358342990399,0.01622983570724783,34.27236065265181,0.16769836676860497,1,0
7.123207070949345,165.3725267656897,243.89197132395415,6.251269009209601,0.07573671768752088,2,1
0.04663642416770067,4.330319447502042,0.009043734021237882,20.39550461745878,0.07529267337560992,1,0
21.52929218984366,140.19198220669074,132.76618192808144,29.169436389101797,0.07689228661547999,2,1
0.03222733253129111,3.2508367522161405,0.07293944989146117,28.41015791005271,0.09621237676881729,1,0
21.913955617379894,1.0303503406674632,0.17806157073694415,547.624631022831,0.22932118268457202,1,0
16.83433937784801,107.282103222271,500.01139113550784,18.88969719581726,0.09037037556858997,2,1
0.012500822460805234,2.902720061719549,0.17342332144194442,28.428000382156604,0.04771937195806804,1,0
0.8338670107851541,7.602576477307239,0.3230256288665724,9.18932709923745,0.6352947085420676,0,0
21.595572439064522,0.13323822478163394,0.0687076172774389,532.5709586368046,0.1863056286272885,1,0
0.7056786195288871,2.0274943373223415,1.4483611562248433,10.648588607685051,0.889746648345966,0,0
21.157623508685347,1.583440518522693,0.17879665265504455,506.0755948769095,0.269427897938757,1,0
22.660774700627808,1.291621625310412,0.08577203677174804,548.956816338117,0.2722739992726872,1,0
0.7010190450610125,5.002487575367162,0.6574361710273205,10.61218680881377,0.8759566849238282,0,0
0.7760930413623286,2.3168962083498568,0.13562686386805123,10.937467158859453,0.791070695236423,0,0
21.39892926842051,0.15139945461957494,0.11634782697507937,548.2122595677562,0.28035480570924576,1,0
0.04106286523360064,0.5531586847760361,0.16929045834690365,21.912329934979738,0.07945745811207346,1,0
0.014016723039576046,3.437031820681188,0.004899689653530471,24.5920601131939,0.10982606725543453,1,0
0.04502861506181929,3.456109288048272,0.1366367712890963,32.33875813867511,0.10593233573101622,1,0
22.409419269139686,0.9406012688920768,0.2950269422684529,523.9294665466732,0.2632863746438768,1,0
0.7056780664298999,8.299359594345,0.8286291658314002,11.98374596710578,0.6605525506091274,0,0
0.0018365968713306815,4.786351314916628,0.16524113915879318,32.01154530694812,0.12595558459923062,1,0
0.8202626084413135,5.706008234556145,1.4675204599149232,9.332161779978946,0.7267645284935834,0,0
18.824933275719786,105.08098853740559,286.1850892627285,15.348681352881544,0.11946608422852159,2,1
20.736047329043963,0.7785912280839531,0.08660812103120996,521.3403629878969,0.2438091810368491,1,0
21.453173556802547,1.3876111139348235,0.16582871041007494,512.9750316911917,0.14171767354821013,1,0
0.9029498638590051,10.60857951470098,0.3135546600799659,10.728865080500439,0.7820145139148568,0,0
0.7908145811334855,10.573883245334295,0.9376004815754164,10.379044538283393,0.6227800231108866,0,0
0.04041986740582306,1.5230688458668533,0.019534422801276777,30.263495397682355,0.08803049874792027,1,0
22.429773260908696,1.166260438199167,0.21906651532717475,521.8893482124679,0.22819310561975154,1,0
22.421466612094648,0.24041445824115248,0.07967484988758182,501.05314180199775,0.15866172215611293,1,0
0.7201749123968658,9.036613888516785,0.875184273284121,9.638183685072686,0.8838583628645071,0,0
14.112990988797549,133.38156057992393,554.6659362250948,8.816591490118924,0.04770594175417798,2,1
0.032078428334249724,0.12784899544867334,0.15759402671818634,33.548721576426956,0.053483055694421536,1,0
0.04938247818680289,0.2005459570624124,0.17340629922448972,28.6801311285859,0.0877230838379181,1,0
0.02328500611594066,2.404184890445368,0.18369094498786023,28.806023362048506,0.00656933404868767,1,0
0.0021657636627155975,3.4966973312632152,0.06611220046125817,31.17105091743815,0.08248061209357323,1,0
0.7400659414515138,11.845477607137187,1.0221908857012265,10.494587149359417,0.7666090652812894,0,0
0.9006039276911805,14.512668954206665,0.3596424245473161,10.386291872296981,0.6003695505499278,0,0
21.591316628567373,102.03260889594925,661.2366938006792,22.66698786717343,0.14120015891803525,2,1
0.7886081676616954,13.419641963664517,0.10061989401209104,11.704149289925805,0.6461421073924823,0,0
21.883124159214255,0.6698112293141723,0.04178162179901618,547.6415113562177,0.22401455118570268,1,0
21.15914656218038,159.0988155942904,168.3795322715447,19.49528473349906,0.1251487193624098,2,1
0.047989551020242514,0.24347424199964884,0.019601536956148215,20.66098792355572,0.037055370066708004,1,0
0.04695338492564481,3.993916178868327,0.1995868221066675,25.260677231775652,0.1534376577862254,1,0
0.7429534573155697,10.83678172892258,0.49308130741719813,9.07294789929436,0.7936416887721504,0,0
0.7115260850308694,2.3943735214825086,0.5698725821690764,9.230422323207844,0.6704982832604075,0,0
0.7005709053644023,13.024516605533803,0.2183238107529547,10.791834246766292,0.8958770987600446,0,0
21.861421355155912,1.4845063743981743,0.05096430181522059,511.69851199401734,0.2780819034438657,1,0
0.797317490540843,3.5968103873610486,0.23142260611380844,9.548597991321921,0.880384199201913,0,0
0.7012112758152925,0.11496048973837991,0.40669633274260086,9.110164087502463,0.6324077262392074,0,0
21.774220278267464,1.613178684652554,0.1429450151334878,559.7673769783664,0.11189431377345616,1,0
0.026498517051071032,3.3919594275150655,0.11855418817403696,22.22540505934275,0.034417206490525286,1,0
12.701161114379234,174.8684505664022,466.22563586901526,25.13172667764739,0.10655272510684984,2,1
0.7888439576327689,0.9733837066347234,0.45548157950808255,9.740628188515803,0.8088912818519365,0,0
0.7106009227265251,5.400756988514675,1.4395197416780006,10.501203437130604,0.7298187408059114,0,0
0.0241519848779445,1.3426687803380366,0.05749233297945003,29.851340952118356,0.19370746633997846,1,0
22.718261181443783,0.024313542954773615,0.2022059757176378,503.11014794718375,0.2097717330154712,1,0
20.85955864678137,1.6052806247058593,0.2991713699710808,501.80156031976355,0.27947317315818637,1,0
0.7675876117446796,8.196878125921865,0.684070785990407,9.48067680292952,0.6512809207262544,0,0
19.77092106793927,95.7415100628238,332.3338847261242,8.841580983272909,0.04567356365310456,2,1
0.04430978902325373,2.9652216709339205,0.07830513963556587,26.189327612729357,0.13912362929936137,1,0
0.0015250124969524714,0.18674094374607209,0.16452011213193166,25.402859621168943,0.025412102530376957,1,0
0.7776710861520665,13.41141453799876,1.4250391184105677,11.677674682459424,0.7258343981871941,0,0
0.016264756701151555,3.563106665492564,0.1633558933011272,22.724209516349042,0.07418820163155304,1,0
9.181947291792286,101.7317817038939,222.12092433213783,23.187303428211866,0.06382584889077642,2,1
0.02452042595927566,0.8475204593302932,0.010194975404488483,29.262936725934672,0.041556684192338295,1,0
0.02935308538505755,0.8422219257135982,0.12851519378943793,31.39016491884299,0.1000890618261483,1,0
20.918141498686314,0.12736953500503345,0.05313814325947621,500.3083776551336,0.18908190422115734,1,0
0.8200280667942547,1.5838731896496,0.16341250105830843,10.969157578154302,0.7605457001041052,0,0
0.03379114625520368,3.2907991214878676,0.01402162792825139,25.928889731467365,0.036355773443472385,1,0
20.96256362824953,1.1921002315219005,0.2987203356153969,526.1157367793933,0.2841382801557239,1,0
0.7837517298553904,6.217045733090149,1.155361580796906,9.062014106675713,0.6807058940394931,0,0
0.03384106494286978,4.142346497245585,0.05892387926923864,20.2147291650059,0.14757390371230603,1,0
0.8118855520562346,13.613497108891396,0.4490091208084249,10.23114876910689,0.8266653415629146,0,0
21.668572077890033,1.559033402848127,0.004860119201840163,549.1028254867721,0.1080277718170733,1,0
0.02911043798841156,4.951044467938107,0.04783175555644861,27.961060329302537,0.13019146702361453,1,0
21.46812934691201,0.8592171842647267,0.22218784466831115,551.7783439392177,0.20637781580150283,1,0
0.9126118248906097,8.365632393750658,0.5861878546427105,10.741402802981089,0.6417590104037086,0,0
0.7059768326696231,0.9780688689073808,0.7495039275372658,11.72766061758468,0.7616105393858142,0,0
0.7094951806291268,13.367146705471066,0.8387815527208198,11.9788943883579,0.6221389694206196,0,0
0.8950696852055705,3.913404350125709,0.12142635640653865,11.800308924238449,0.7503119651745778,0,0
21.012440977024696,1.4589275396633274,0.17196695833487743,520.2589581199541,0.2977043295990893,1,0
0.039989054771201085,0.9229256476851649,0.05905565784406202,31.90110887221756,0.03704568930948193,1,0
0.8005089018736811,2.854872942286017,0.17327442610111163,10.135429270457607,0.7088832815537975,0,0
0.028061139414126246,2.616954556871832,0.022953774373843494,32.90209540024152,0.14456286064169674,1,0
0.8708763225301399,0.9804923634657786,0.782599671142738,9.100840800549848,0.6187959610366064,0,0
0.7270425492623852,13.32988620398098,0.8043175310917708,10.348049226118926,0.7757594365360557,0,0
21.606074305527983,0.35689193045554424,0.0936815358146388,513.8147701056722,0.14123723290368528,1,0
21.27020444211911,0.7897630363511394,0.08804645241541144,500.8447893629051,0.13976848081776103,1,0
22.08886632763442,0.6797499275361323,0.21743003145862844,503.92138044793654,0.16305806756612207,1,0
20.316421099869892,1.313560209448588,0.24663094818006764,522.8252004504537,0.25512237018506545,1,0
22.959104323700384,137.25444062208462,524.3673471434004,7.939099886118134,0.06700897030539608,2,1
0.04606537561064877,2.9159540213854878,0.11856803610162203,25.32386991315515,0.010397870395541499,1,0
0.7025565187797821,1.086703316918383,0.6494909789693587,10.43981650415137,0.7800061644357912,0,0
21.670635329516287,0.8315502070466438,0.12868330002904327,532.4543002302848,0.23928596140722144,1,0
12.06946384121441,118.40698938304371,394.611857601346,9.961640678191351,0.028838687770213787,2,1
21.834390833676984,1.3569999365852756,0.09526491007727653,550.8865541009378,0.28943229258004954,1,0
0.03400559427234864,2.0407584543334907,0.0030789783382616956,28.74389085206395,0.05062030783592175,1,0
0.9159756153546512,6.75717857205893,0.8187154943148817,11.96765326187325,0.6694645307895146,0,0
22.287340876024604,0.25200405572798856,0.058925764761605215,557.0866895397855,0.13509832547627149,1,0
0.04790853965019652,3.7919620697284073,0.12778987706685238,31.385537683082745,0.14482066585462772,1,0
0.7361692163973533,1.748746118335451,0.8653739549009821,11.70723909985831,0.7031873059673057,0,0
0.7303347592583223,10.33143811217048,1.3568409931136154,11.235538486108844,0.6229319583118342,0,0
21.137679611541348,1.66273541244394,0.2526976514249802,522.394469382754,0.2263977360792378,1,0
11.842652002237898,176.53956589238095,366.9114596965245,14.926927813253855,0.052747480851285805,2,1
0.8813976577791471,1.1136130948257965,0.4168920920780803,11.190738441270437,0.7796424889150474,0,0
0.03167391099130736,1.2894384271660115,0.027871214814564827,32.523953551989486,0.19688043614071044,1,0
0.8719938725659064,10.580783911683053,0.7249161051176197,11.592648533022507,0.7674420748781589,0,0
22.208719430401498,1.0257941110376187,0.2608818247424332,524.166549993974,0.2940470688829754,1,0
16.4712656005342,120.74770014215417,489.0787341401423,2.519000922657471,0.13460959774823794,2,1
0.7147915196199234,8.922710692528643,1.1344133479862457,9.09733033814156,0.7976152916181066,0,0
20.367301695076822,1.4503710960547815,0.09690335951586415,559.8246894248997,0.29595649157090437,1,0
22.61479318186469,0.5133884566200917,0.19958763059341655,548.0212927414044,0.2325329026118711,1,0
0.7249622124438385,13.963936585309389,1.4639474919481743,11.987793726090988,0.616761346403205,0,0
0.005988106590962561,4.452636403699475,0.11871849071080974,30.186534787167346,0.15783424772146767,1,0
22.472980675637807,1.2600797569599644,0.257436118275331,547.0263433410349,0.1857969863681781,1,0
11.939179007551717,128.86263855969995,569.0678955572357,14.78310444882052,0.1191021675398944,2,1
0.04553850808219576,3.7698095179839197,0.16098135536828773,20.270098334006818,0.1925620714148052,1,0
0.8972934501793226,7.1094246039430855,1.034580833929438,9.51695961360489,0.6576867056426012,0,0
0.8055080623859351,8.76299227071254,1.131551465552878,10.673226797851312,0.7759606303982277,0,0
0.8528741222087111,7.987390491557199,0.7283943003445914,9.253177141633627,0.7198106245184073,0,0
0.00815176684657955,3.93102826130529,0.1468887864151183,25.765325577862022,0.005038682791845873,1,0
0.0035887903113256516,3.413086106117012,0.04838633606310592,30.709289487598845,0.16450695887683936,1,0
20.824194576558558,0.7891521511952928,0.1265484535616494,524.6612645159328,0.28152220051131094,1,0
22.526356769407126,1.6766574094222757,0.14060794793849107,524.8891701402599,0.15468141438614125,1,0
13.891470021388571,156.81329433808037,236.9987514211665,2.2245106234878715,0.04498940962095994,2,1
0.0038100189799581577,4.702659135676917,0.08332781154769585,28.717439317712394,0.18383531036711193,1,0
0.7024269551377424,11.243182267033324,1.1621469461554068,11.035136468565426,0.8268793973674358,0,0
15.082656838368766,119.05288141030653,254.86458590404882,14.187569814491233,0.019992638712325973,2,1
16.30831879505076,91.89082412877246,120.65878514398874,13.651853719896977,0.12249828648024352,2,1
13.386693608385766,153.0987828627843,346.4389260946072,15.38679999533433,0.0011029566831640468,2,1
20.016038482563093,1.876827487716288,0.12444453581668416,524.1400973142399,0.17811872151635644,1,0
22.465492839756077,1.3190215372815404,0.23887243516241055,516.3167623651069,0.23847178449221162,1,0
0.013764410672593009,0.7810328434331099,0.1271880653653422,28.989531742091565,0.035871202057848196,1,0
0.8597465856958066,11.356218030636839,0.628990768986101,9.723254496988895,0.6615135985519575,0,0
0.7618055921312238,8.140441247373728,0.2972939149646677,11.406590942262119,0.6223651931039312,0,0
22.98631254857393,1.7113921876750788,0.15643370671307683,503.81845455719855,0.26627470287714194,1,0
0.030275238330793826,1.2356577733069596,0.07117095185184229,21.258793037321443,0.0666925187192021,1,0
0.9042300837692996,6.422762224759715,1.4533167466611374,11.890859931267759,0.855902836640208,0,0
0.9188011123754151,7.049167709864144,0.49138447851546196,11.650482066798777,0.8243156321692242,0,0
20.807993894906076,1.0791124409910102,0.21838415301922295,506.47662287878785,0.23705960322317468,1,0
0.03002584302168267,3.3251833727312774,0.03507425572468992,33.7161791888744,0.08375410497841462,1,0
0.7357939436378844,8.476279686791344,1.1802776753700508,10.496686993607826,0.6036309350328322,0,0
17.46420746136014,156.74645587067,583.0583872246809,25.428669642450956,0.05925800067851939,2,1
0.7951161698087363,0.46723639190086597,0.4634070289850688,9.101029211623391,0.8637557317803743,0,0
0.7092320961575995,5.454680383791744,0.23803192233871107,9.349433549020011,0.6762783694334593,0,0
0.8130776876151584,11.754795191117147,0.6551598952497781,10.86626010068362,0.8587091126240236,0,0
0.02427948498296989,0.13768359934732743,0.10109102358208999,34.460261106765536,0.07684134259716005,1,0
0.001971340568425295,3.5278758625784423,0.18504966348313318,22.708630176910003,0.1135890461105259,1,0
20.092370148981345,1.9430660847811774,0.06622364653583453,544.0417857553584,0.2525192789388351,1,0
0.006027920820184513,4.512266536429209,0.013288768871154977,28.009512088216457,0.028427424758691533,1,0
11.556763977000681,123.48740294666064,555.894195057033,10.495292731472817,0.1428093669958504,2,1
7.468997316207102,108.53820322892655,100.56604916057866,1.6583190236354768,0.1465925734765394,2,1
21.985333197414917,0.15360609662884306,0.10639986149552484,533.0398027664511,0.18064155122665043,1,0
0.04902884000899941,4.516819063180125,0.1293329838234327,30.39762817185387,0.010319161331742,1,0
21.878528514779415,1.0626330411361182,0.2514456550655773,517.117420301439,0.18583651867927137,1,0
23.492835822572733,95.06018653658751,391.3805790480042,27.42762361203192,0.09155445117272355,2,1
0.8617055409617611,9.15161883054352,0.7834487454351395,9.39954637700257,0.6783999053656151,0,0
17.226833124954524,123.38763413329522,563.2912165695029,5.528644091658441,0.05767737205593998,2,1
0.027852025663751757,1.1569031818842401,0.10048545743327529,30.972295395546737,0.19162360178388677,1,0
0.01625520077158495,3.4316359834304873,0.01392822963248115,22.62322155763939,0.17114745178115728,1,0
5.283932689434474,113.18687988871763,369.96620456131575,20.940812875230648,0.10997405672051994,2,1
0.7233942054166099,1.7120995396444816,1.417467564053728,11.617965216528166,0.7356259790434098,0,0
22.79284608652093,1.3790535020631223,0.20295401573317395,512.940509143863,0.23177709404653143,1,0
0.02910916150462949,1.0222028697477343,0.10394085257889685,21.11063326868522,0.12109653384288094,1,0
0.7825571789773866,8.080435010145587,0.8338228390166271,11.544143373392316,0.8519891940846548,0,0
21.773893363123182,0.5494435859801283,0.16837302775431034,522.9756124852274,0.29434241907782077,1,0
0.006404787318310002,1.691337529972492,0.18561672806520996,23.36923417765778,0.07443340476750267,1,0
0.7315632805439644,2.2716828290303597,0.7058800780785464,10.787039472484588,0.6241846215508805,0,0
21.954558400406793,0.6518509279041498,0.17707918166568673,525.9948049382994,0.2968702814805808,1,0
0.015642742825279377,0.6026128939323222,0.14620473429165634,22.888985416784458,0.023056404249456874,1,0
10.878335210098676,130.1693723987905,536.2111162084803,20.941146762131265,0.14810527084683,2,1
0.8799632485029485,12.910958748845152,0.109732982743667,10.532241907732697,0.7252233009446337,0,0
20.06547019032647,1.3275793723511782,0.2890183302640651,533.6100910077105,0.2873644924066183,1,0
20.04553064686048,1.162834211164041,0.03175597076337265,552.3811636417829,0.20462860413943304,1,0
7.645374301969634,107.70193775815407,242.4899831016304,9.34697899333882,0.09641926057594637,2,1
21.442918669658372,1.2846510518104548,0.019456078344890503,534.7990272456879,0.21229691759190472,1,0
0.8051332585648934,7.983862967234642,0.3356717382867823,9.740722280002757,0.8515647644708484,0,0
0.7034789031712516,1.157177528093728,1.3756355992521108,10.064582492238443,0.7274314591275158,0,0
20.16419812077496,0.40848421273685775,0.12560854299830526,513.1780957156741,0.10004540764365111,1,0
0.8534437215672424,10.202111576404507,0.966055929501258,11.258149918672924,0.6475815315879221,0,0
20.597737863224943,0.08992288318310226,0.03790694439435318,533.7533120763828,0.25303206576335324,1,0
22.59416712876516,1.6258020182601551,0.29991530198583916,559.7982102244343,0.2110863411205255,1,0
0.025004005913579132,3.925488570478538,0.1197690800158878,23.016480911640013,0.11804653183017855,1,0
0.8205538143145792,6.352064134621778,0.8959283972499416,10.727773725774254,0.8194943265898921,0,0
0.04711917270011384,0.3741060259748652,0.08769134305011564,27.948218916327892,0.1970607664574571,1,0
0.7153849532560754,9.602523357422491,0.4796064111002587,10.778435974960267,0.8040395793310354,0,0
20.67177376338977,0.7265455927977991,0.13159425007381645,558.6497754925335,0.2615731291367962,1,0
20.451564474990242,1.6335138602390562,0.06219270095626739,546.9432997676053,0.24691558462428265,1,0
0.01353723365717769,3.2199977161950786,0.08174683421961929,20.380795334905173,0.031230519473238072,1,0
22.6631125482749,0.7018300251041574,0.035120104928281756,508.57950092317014,0.25230212634349447,1,0
0.884197861570472,1.910542101718216,0.2767795919508246,11.440303446972791,0.8772762823809348,0,0
0.016670366107955525,3.665255949299967,0.10571562194443943,31.900910214580215,0.1981092065540267,1,0
0.014850143822744112,4.264109108459507,0.14311066304684839,28.836628017063422,0.05545312913935472,1,0
0.013631200036676689,2.0677455076267575,0.02437721866738951,22.717240243020203,0.13622357079299657,1,0
22.040684727293872,0.1443968179583517,0.009195750661741818,515.4609733106728,0.19252459134786326,1,0
0.02349941340789683,4.450705686980073,0.1415442700535055,20.933048392470543,0.02946060885579407,1,0
21.463429402426215,1.7016350356722925,0.02636628736204316,548.3518932044686,0.11113069787139507,1,0
14.704609115307123,106.12475264611358,634.6840550761057,14.080483507477393,0.10645070152567866,2,1
0.7621439338014008,6.378422781565408,0.15259952655847034,9.383600403667252,0.8296640251547582,0,0
0.0023598350848689498,4.8070830982102475,0.13583251366391255,29.470639664650648,0.05411185129759828,1,0
0.019310599640851536,2.942524675794944,0.0370745558165023,28.996569724557467,0.17230274144537872,1,0
0.006214861174277237,3.6543373760182214,0.1876680913642076,22.718495992484904,0.0132992534733555,1,0
22.95954574637894,1.2115496387137743,0.07116803752079834,506.1069483572242,0.1305718278368664,1,0
0.7127802294576769,1.672683184819146,0.8222066637972593,9.802778030183914,0.8506440677226583,0,0
0.7948164584225809,4.567387991234263,0.37733372340840543,9.197076349468977,0.8661357951671096,0,0
0.9100703617459027,11.068453750436527,0.8760956735159608,10.835162238703056,0.725880018728337,0,0
14.380814950363078,162.08448493872874,208.09518863957155,3.7409618553530968,0.13255259515319845,2,1
15.92814148424264,112.47697613064197,305.96529343866894,25.635428266238442,0.08388271976526872,2,1
20.586827819133546,0.37344659154608295,0.028210831330279906,521.4002584485058,0.25149637695788346,1,0
20.213840810165493,1.909320060066615,0.19640792442940444,522.8044705362323,0.13943082531457546,1,0
0.017932339064808196,1.2708182453486938,0.05905811768378775,24.83826146357901,0.1697339589849349,1,0
21.130742494209116,0.9234656272247643,0.1442718002259209,526.1108239553214,0.2874706588431729,1,0
0.02455931704343133,4.9816788790336215,0.1794872296092408,26.9507112232343,0.12458747658702374,1,0
24.953445265293183,113.71963315471001,267.4782824645618,27.95483153909075,0.0036966606954484003,2,1
0.04219397056154645,3.7114611574347354,0.033562919129205726,21.80545364314979,0.01352094989447663,1,0
22.93038311848276,0.8094501276593173,0.02629495085839598,503.9487056414346,0.2782636412720597,1,0
21.165674303811038,0.8973872452450613,0.07126323926229823,522.3951074977604,0.1454539254526303,1,0
0.7966129596594246,12.704532813105907,1.3503262872735808,9.187372780857213,0.8650394288958183,0,0
0.8836100095709598,5.375019850075106,1.3780494226312054,10.697064516423017,0.6548017152719005,0,0
20.717540312647778,0.28449873737439235,0.036415481826728664,518.1965088540558,0.12020916220212935,1,0
0.02432988311218766,2.996844828314669,0.12042912881049622,20.34399216902063,0.0644216008458371,1,0
6.848990340741333,131.21102656143643,336.6876345033145,26.078275380178948,0.036599295352870834,2,1
0.7659111005886249,4.649053894029164,0.656245361640637,10.28036671601025,0.8399346066222808,0,0
0.01611769224873615,4.049372229273175,0.050928130952752775,30.22254083335894,0.15204557197793733,1,0
20.20391989945821,0.3624511220994191,0.28715908905577037,553.4082832068149,0.23045502217981004,1,0
22.016078405885597,0.6563053349494639,0.04651248501832326,558.9104532986319,0.26778670041387265,1,0
20.826837016036837,1.574253205203208,0.2924503958343336,522.2724256333998,0.1857773757722077,1,0
24.658937591094016,147.8499672131935,530.6056946760998,29.31022030079277,0.0565802673686458,2,1
0.9166650637717136,12.583471296689012,0.2745277536845736,11.762525647852117,0.8609689086186385,0,0
22.19148908287637,1.295426342125843,0.2388721786688563,545.241382095703,0.10718773498431067,1,0
0.03869398278650782,3.0096171550756576,0.17850465799096923,26.650700215687817,0.12141791574375081,1,0
0.7374253918080419,13.473570959298527,1.187524664995843,9.22943986649794,0.8960187304502547,0,0
0.0010472480515456406,0.41085833738213673,0.19357200696900612,24.431671662161303,0.15384462956762673,1,0
0.7169355801623344,4.346271793706521,0.3257098021556062,11.78909295702772,0.842436113869325,0,0
22.8969169258004,0.7871106722126311,0.03921519707692719,540.3025315546437,0.24586196009544123,1,0
0.04693324066466861,1.7492719209042722,0.04876038754203591,29.838549696475994,0.039762812187480595,1,0
20.251174813536046,0.7718790218738547,0.11218414034372023,553.1772929873431,0.130274234252655,1,0
0.7873433090721822,1.3063915019365724,0.9638931225649218,9.341515180429804,0.7035669428405076,0,0
0.008968234100610524,4.853382727048721,0.022660700945492843,26.05401503542387,0.14757699696692125,1,0
21.306180938527206,0.7919231774952098,0.20079258274856374,553.5135861953937,0.1612102927045576,1,0
0.7393409960286923,5.4970317687428984,1.1418387322791872,11.162819772756388,0.6924182375557167,0,0
22.751940726386728,0.2736372618379228,0.2850712061462407,526.7603463774774,0.13702658576772392,1,0
0.7521461285638339,3.520110573923266,1.3371935375250537,10.326073121348573,0.6992668088967515,0,0
0.8145196442070688,6.609973251364403,1.3318804774178203,10.516562375170471,0.7523273514565707,0,0
21.23257127552149,1.1211596180020973,0.2827977530899891,504.96404237742024,0.15078755438473923,1,0
0.023870809474017686,3.0090336697272364,0.11634732948423734,26.021926686335647,0.06761688187325228,1,0
7.92042038593925,174.42577256113182,650.5883667426601,26.68033373628003,0.09381501752498901,2,1
0.043349688000576175,2.0399224768242235,0.11034451905186796,23.808328460649562,0.03922261993869056,1,0
0.8396912100300273,11.322567299112716,0.33866911344348455,10.228433559015611,0.7268067340188569,0,0
20.1210524805791,0.822383035989172,0.039024200948684085,501.34555334972333,0.17208536542829722,1,0
0.01483933410099253,2.7068480507863435,0.06904599073399449,26.213013883577453,0.14648277296253373,1,0
21.633034662902965,0.4674815840734885,0.19133224255367745,549.2040501233389,0.10831579196931876,1,0
20.332672462435493,0.8786730037315402,0.060515760700618856,553.7458157404112,0.19507404463642236,1,0
0.002404732198204385,3.9075724087570745,0.1655881774354984,31.257528871479703,0.15990742618390313,1,0
0.8416589357790487,7.954531998737375,0.15873171280429077,11.905466332783151,0.8396142574963724,0,0
0.04340711271887527,0.8857489472369295,0.1385251904452329,32.57172934472165,0.18892284389480465,1,0
0.905806592976049,2.7859960800777843,0.6215125041748522,11.785891686346183,0.6185425382067667,0,0
13.910356289863223,177.0271663156484,442.71951037774824,25.971231544786843,0.020917535430774025,2,1
0.03989946610716917,1.2949132580090683,0.11771084579464908,34.73495772620122,0.1768397956263006,1,0
21.13631787785387,0.6748936677438362,0.2698942191435037,536.4533133376144,0.14887063109293092,1,0
0.7931337317137035,1.2684806714585677,0.9495857377561947,11.642919016918972,0.8648744449556167,0,0
0.8404308927542019,10.9950542944253,1.0465755566236064,9.415306479988184,0.7736520504106777,0,0
22.8327994673403,0.9484284333149275,0.25861279529679404,550.6729639121043,0.16382009464865113,1,0
0.9060188182544053,13.141577888970637,0.48885367324896556,11.554345912653796,0.6000997518361468,0,0
0.0377566808722598,2.9331195914183135,0.16568773418779817,21.202801352181698,0.09536777554662489,1,0
20.351840443401336,0.3381235568794325,0.10554150192310575,545.7005525728198,0.20141648481205332,1,0
0.7568901500496524,0.41778361231611605,0.9839254564675513,10.279195070404867,0.7644435608184066,0,0
0.8840296679359674,0.7532164753568288,0.7504584363325592,10.138850293355011,0.6949760279725954,0,0
9.833178416383703,96.12335826825027,290.1424826323748,8.37043920829801,0.07588887002195908,2,1
22.998631756157284,0.811502337230122,0.06614653040673192,545.7489730685331,0.20849420069253122,1,0
9.503220484318637,149.60861221856243,465.80914496546643,27.495404407455883,0.023454321246731257,2,1
0.04680773870803905,3.480148983374865,0.114012234017873,21.457647406561527,0.12300144533983395,1,0
22.301421987507876,144.0712934405657,520.5194183463279,8.913571179072214,0.09461556302589309,2,1
0.731038006731097,6.095884624102831,0.5535860855495195,9.260775044851048,0.7899722324732882,0,0
10.77937049842117,123.93485379015289,335.99240223111326,16.564382077312928,0.023981964504966206,2,1
0.7593804689262829,8.097641683622902,0.3268194290482185,11.52458898093013,0.8539223547943672,0,0
22.282355145850694,1.1225543951389925,0.2312901539863683,529.6277357818634,0.2045465658763988,1,0
0.03869531108853326,1.763013029644291,0.16495757125555735,27.7348910878468,0.09265873065455937,1,0
0.8345330163904497,1.2239127060036052,0.1072588078835815,10.883683244845908,0.6582821860536127,0,0
11.189390981772018,177.74138455292115,346.6680501969091,13.619026917320905,0.086481748492671,2,1
10.817537084631649,132.24661577903322,614.7146701104934,9.494642169359373,0.028901459473005046,2,1
0.03658623682821065,3.2031779640129328,0.08318878091637101,31.386034088875636,0.12192620233138039,1,0
6.6514431607055435,103.90687469914671,363.73776506373923,15.558573874720018,0.0388188612546786,2,1
0.8422209231603447,14.612916657245357,1.2858851577774593,9.070784893936587,0.8695681814024518,0,0
0.7498644084899373,5.3249445874790595,0.19719337984453073,10.55717937272481,0.6202837690776645,0,0
0.7297176321696673,2.2766311477665306,1.345407265662689,11.831784850429374,0.8297487117704729,0,0
6.025269183519963,126.16886441130656,504.25373787045385,13.785336380533387,0.11234447262905978,2,1
0.7532499034897561,14.799938899007197,0.2994937600621185,10.496664460354069,0.7854467202954357,0,0
0.0016525366450274193,1.725356240133415,0.12687026894027276,30.2105817733215,0.10618691666342728,1,0
11.6975658027397,141.37685426508853,645.7572346665667,0.6824227679064518,0.12160253555063877,2,1
21.060382221640346,0.9169328491385156,0.01139446898695604,544.7516023176207,0.2098644958806348,1,0
10.580165806955932,126.44717286385696,699.2757614893927,2.121506051774751,0.08678127273052971,2,1
0.04890309089867643,3.9699485818400304,0.09945118606293764,25.096662073428277,0.17442714000449533,1,0
20.37265990018418,1.7924426053700766,0.17843299121308082,536.9962749117484,0.22258883497312118,1,0
0.03459475988463467,3.259806297513003,0.04485386189211196,30.68268832021304,0.04744981749936002,1,0
16.38412926258855,168.11816640578127,449.8634543679388,21.681418254746546,0.0558065351718311,2,1
22.647249105222016,1.6072070708830704,0.15156203207299146,558.0275969155502,0.18355219585501992,1,0
0.7916309750188534,12.33269830224635,1.2904872015678535,9.635982164095974,0.7972060446510386,0,0
24.33468455070216,176.23243078240466,248.57898584286323,10.767532686580955,0.13433336113108274,2,1
23.18404272412974,163.76623825928806,632.9148097967825,6.376980732193757,0.042627644356759316,2,1
20.633377827674114,1.5049366751729887,0.015388154694364675,529.5521228428573,0.188421406935944,1,0
0.004868344689561055,3.5318599840499805,0.06911591717416261,20.10473392820522,0.08069619380539993,1,0
22.651357654890276,1.855504566390426,0.2984723467939306,510.4337149531692,0.17924840378053175,1,0
12.547263535933016,127.21648772609632,123.8868636674523,8.582648934364169,0.1433474200899734,2,1
11.858593255183917,151.54831124181288,115.20916255836309,20.856383208078764,0.04741519673204558,2,1
0.755220304317706,8.461110432502766,0.6020098461348223,10.969893221123629,0.672119673868052,0,0
10.469490307499596,156.28258571571655,130.99441426878462,1.954187536550285,0.05794315577183178,2,1
0.020757282699637288,2.1109611694033905,0.15701278420928624,22.935689601494737,0.16405066378897795,1,0
20.856526340355536,1.0631547935499863,0.15316853862280141,549.2359254605952,0.18091373128080349,1,0
24.33244441792215,129.90951925524396,292.5982273845387,16.01977339092049,0.10316538095486022,2,1
0.02355327263469072,0.9105356941079162,0.09695567343006924,27.686864838228825,0.1483373888457331,1,0
12.335966412925368,98.95452019856683,559.957566827231,29.005091783571483,0.14551116850000603,2,1
0.027982016565410897,0.7762012296535625,0.03638562609905423,32.92678431520276,0.18922309242672655,1,0
20.26336471117448,0.3436589207153169,0.15542324941210342,512.8396807218988,0.15665688069851547,1,0
7.668326710464141,152.24790617759862,577.0069221570823,5.318956267423117,0.015646963102782324,2,1
0.7357583572431157,10.13431964397365,0.153320820839047,10.859905694622492,0.80945952920295,0,0
21.596340455795946,0.2143440226795521,0.1342237100470364,531.9570359873014,0.14849410072694594,1,0
0.8231227103671211,0.1465627112877549,0.5570458315415886,10.553134930154133,0.62635994974345,0,0
0.005380709237992942,3.8406408919044113,0.10009546317334364,26.506558490270265,0.049900615936548355,1,0
21.61179025014221,0.9202383179671441,0.1754298317847461,524.0180293346169,0.23953351473938636,1,0
0.7948167485129252,4.783002274817083,0.9150782452317593,10.113517270312883,0.7803222500400699,0,0
0.8523484218672296,6.448966160852222,1.0421532713522053,9.826143522766255,0.6918940496334638,0,0
0.7136480879983319,5.089579009643511,0.8083043160473817,9.48576901989664,0.7974306654169476,0,0
0.03864047866451687,2.742095814967813,0.013292665155254424,31.49772574298877,0.1167427175462728,1,0
0.7216533216023011,14.350806508340247,0.9391036150590318,11.185968852709808,0.6946091229798352,0,0
20.158295773578807,1.3840225118933094,0.13737869833020835,513.5912975621663,0.22279406126504653,1,0
0.028799920890283,4.586978065427658,0.0010600012795210834,34.626007444177134,0.09814975585175689,1,0
0.02703175608050533,3.187149507491033,0.1452182667445323,34.63778119193802,0.10326006966023907,1,0
0.014702233961048578,3.570295998949141,0.10552954602895717,28.016838368858703,0.0962175896775172,1,0
0.002282437275119187,0.7001204877665884,0.05536286155826116,34.57299036351576,0.06626940142061015,1,0
8.686027939001981,93.54256918377565,113.10802719172108,23.34732529203383,0.020165014105432498,2,1
0.03170028515498057,2.6999268985792773,0.15596907903022872,21.604709582404375,0.1522055805004056,1,0
0.7527976600513906,10.651989608468059,0.48212999262408296,10.024275808812895,0.7346336411983845,0,0
0.012058260715388097,1.1678368053430548,0.01363732395309254,22.806864056157526,0.11110991397712398,1,0
0.7929843274335708,14.934567503922125,0.11469109759592222,11.685195866553737,0.6447422477819212,0,0
0.021257793724562237,1.039708314340944,0.1135400655639983,20.46969938683338,0.1684569549189997,1,0
0.8672012198916617,4.688970373624502,0.674955686214396,9.629070832290603,0.8929683069968712,0,0
21.11684829968523,1.8802668849155568,0.29209915102659517,517.035258484248,0.16107277206887868,1,0
0.0038431037638081756,2.503121340352089,0.15890310889814974,30.606297159000473,0.010045202292794753,1,0
0.015902478627545936,3.747130029904043,0.086222481019401,21.31322996041671,0.056560226134099945,1,0
22.000592772638313,0.2793025095126258,0.008992076961803385,518.4757964954715,0.24093615254732934,1,0
0.010587767533273918,2.4230079350943234,0.1508507088687726,29.292466271113817,0.05947100964736778,1,0
0.9192444443835761,10.506476987347558,1.1786261095035857,10.01190850940246,0.8824730558201801,0,0
20.73605694249863,0.11546431845023442,0.11730986073821958,514.05220225558,0.14391078464596038,1,0
0.9129075223593037,6.596107297618628,0.48971587432771924,11.39487959162756,0.697876175412344,0,0
20.896348613162754,1.7824001461272048,0.00409020717174644,519.3635943635983,0.2108713362432738,1,0
13.707926467995028,175.7808102954724,531.5471203454991,27.939873484445226,0.07913819599082485,2,1
0.032453732939719655,1.6419061394254053,0.12604174966582884,29.147477082480417,0.11268778546969177,1,0
22.775141526029042,1.2632870301657833,0.016317224556693353,538.6554034190488,0.2948495308289512,1,0
0.011180721724815563,4.786614439472936,0.11460828578616987,33.99096110714382,0.115032670099325,1,0
22.2495522933094,0.8253506521667933,0.1938288525015189,538.7870054074764,0.2776078128720235,1,0
0.010256982024100358,0.9534386033183329,0.007309933569618976,27.08100417664999,0.11296822665252329,1,0
0.7292621557596123,2.3810514506146427,1.4289823487438638,11.638804490135286,0.8721125881245066,0,0
0.8371651227142451,9.004221907920554,0.17492024807826062,10.129590863367895,0.6696167219103468,0,0
19.132082579884354,138.18129912554912,481.1940080249926,6.296365525208229,0.03176187930786293,2,1
20.597811009400402,1.7549400933089638,0.2216169452179699,500.8247332406807,0.14967525207396004,1,0
7.387620226763936,119.50585540972364,589.4472283756725,18.120715160756,0.05904532804161631,2,1
0.809408738157174,3.45376381065772,0.1623893528281508,10.246926560057718,0.6905750100232505,0,0
0.8717090556601393,4.163807589441272,0.4081360997135358,9.638042353023678,0.7545521047220438,0,0
20.4225710611394,0.3527739730124466,0.14951033182184392,525.1355269702728,0.28296918021362,1,0
0.011666641132466333,3.1266508497722696,0.1494156534258058,23.28070833359809,0.011988660172261656,1,0
14.486173297368605,105.12180469734108,312.87837379383325,12.299499039660272,0.008608776553241031,2,1
0.7564835691881467,12.061435044503892,0.6963127918537152,11.984052495589461,0.6277501313816891,0,0
21.504553881050498,0.493317231610813,0.14128807573042004,539.7148179582207,0.2502354273908085,1,0
0.025903938311940773,1.4936278679438653,0.18813584902306812,23.889451382986607,0.08593136254778702,1,0
0.04459360724053674,2.1690870978826475,0.1819886287708784,25.659770809447892,0.19281568329802165,1,0
21.650275821374468,0.7773055972596941,0.049105140439590446,516.4274784508464,0.2856635065697154,1,0
0.7082712901053774,7.196719902847572,0.9130600901182587,9.815060913207013,0.7194862151926906,0,0
0.8171696751613489,0.7773530523364036,0.5712459894714887,9.403244030816923,0.6190124911418303,0,0
19.789384664774545,148.098092076947,193.4639563481021,16.63783769565954,0.013116975269982817,2,1
0.9190388440897543,14.716768618019035,1.0093125015904263,11.41324217903242,0.81453004838511,0,0
20.682186862631337,1.2157887875885174,0.11379170951566464,544.6549791105973,0.1411159616751275,1,0
8.383237876848405,177.97109068654584,611.9903119999517,15.200824334679998,0.09048681340260446,2,1
20.818878124568943,0.9533536566607368,0.01331299905997103,551.1316120008205,0.10708447368370902,1,0
0.8108808279911918,14.23801039771337,1.265964662616706,10.087293967847486,0.8590924263889848,0,0
20.695841288347925,0.7818119918110293,0.17834290055585192,529.8060115315502,0.2975571040429774,1,0
22.47585832469869,0.5594070769429584,0.2827161057306699,552.4001997034309,0.13235284227042193,1,0
21.335738336854366,1.5776045278107191,0.19188166835330456,540.5855817403035,0.1263386876944077,1,0
22.121690286933333,1.5355590028856776,0.026187053876902632,530.3662373815608,0.28640286845138685,1,0
0.8184483278837733,9.924827626208122,1.132998073669135,10.560504329636196,0.7280451169964592,0,0
22.604482412154642,0.4905710645106691,0.04720219791075779,509.6240063198043,0.1668017757490476,1,0
0.8747263457608692,4.136513523770354,1.3279268134254645,11.832126281476194,0.6446387908215346,0,0
0.774140698814883,12.433250488239143,0.7032425331265283,9.74614281776289,0.785143495981209,0,0
0.7022288604861034,9.541440696143134,1.3786017266067314,10.837720405034457,0.8621095780399035,0,0
16.66614496368409,169.59090851741587,191.04574777183146,18.135336395344662,0.09971088073662694,2,1
20.567850937748027,0.9186628816010856,0.22563860986307135,554.3323302757341,0.26707450605684924,1,0
21.879869438840494,113.61675388403717,353.0275705155498,1.6777147106306611,0.06736177712023138,2,1
0.03613923003107606,1.1592064585736321,0.14111254232993822,24.615542200847656,0.04843493006949411,1,0
14.468713187500429,166.90926538819622,304.00263163593524,26.154665701959054,0.013220164646503723,2,1
0.8294274686749125,10.244730951256987,0.7327280418186549,11.141347364565977,0.869900233587652,0,0
21.713781409811293,0.2860022453314528,0.11236447301387438,547.8639358008928,0.17347814573941409,1,0
0.8113785330889446,9.51156047064497,0.1993051025872828,9.76317474252554,0.7085559279615417,0,0
0.7494246274811887,5.989988702988339,0.6735420170095267,11.934662005579675,0.6542675704136695,0,0
20.680317875958938,1.3330439533860698,0.024031717982880674,526.5100222881173,0.13267335167968403,1,0
20.7208973703511,0.189930550456753,0.09447553337666871,505.79869005726516,0.13537939016479678,1,0
15.294843875135598,98.9621742186026,109.61689387307388,28.92871306626795,0.056547925093026245,2,1
0.7338047683954447,6.80540451907924,0.8424961512195585,9.053585677434958,0.8390393483592082,0,0
0.8219542443548759,2.9925797239441265,0.5115287414236566,9.71125412555202,0.8845508829654585,0,0
7.522306447508211,142.3549374726129,559.8083278627914,12.48928782893355,0.13197566219122017,2,1
0.7912616442146975,5.80911617137262,1.023566382102664,10.326100262793371,0.7944700406423538,0,0
22.70967088203412,0.04923596768247718,0.06283673085285331,524.9757668412744,0.17131426519016382,1,0
5.8066770427690395,119.35532287154282,381.1341967546808,4.864770856227472,0.14769817163862592,2,1
0.7511513182857228,1.9451846733635303,0.4590482854234723,10.065959245421663,0.8021982624437192,0,0
23.19096946024277,141.20599349536656,557.3047523089867,24.448298191351146,0.05127735628758873,2,1
0.017989704677264972,1.5348614110450909,0.039039432914376504,30.17736752975872,0.06461994033326746,1,0
0.8685342508377666,11.82671014879948,1.0309788648663933,9.780860572698009,0.872158509211749,0,0
24.66681536828453,111.74411487921867,508.7692663194603,21.621548459480863,0.09109866251895989,2,1
21.781407442428847,0.06561924825721688,0.19081274063399048,521.8612543056939,0.15904836049792842,1,0
0.03734378580679114,3.577454535496372,0.10424682649706687,32.335901282255875,0.08617241830760668,1,0
0.04292532272757773,0.6584345171810352,0.14100818127071854,31.12966594270979,0.1355446482402641,1,0
21.731837087699393,1.7311542912491045,0.2942218030750288,524.455052514429,0.2655037844212606,1,0
0.887928819394991,11.596335625461993,0.533999912040505,9.696119486703317,0.7374703951178502,0,0
0.8622291453406402,2.734258177139371,0.8895511288263709,11.522129957633794,0.6267612986136168,0,0
21.037418295231276,1.342186314171952,0.2416290129137937,556.8053746815344,0.1800424551699344,1,0
21.930733085589576,1.0528053218722264,0.21947685652659957,504.8977989218354,0.11207041679811276,1,0
16.07986511006262,138.11032972406778,217.27480022103992,5.403766180523933,0.13747337266732712,2,1
22.605232363824147,0.758255316751294,0.11144578309783026,537.1116235230911,0.2266145306999026,1,0
0.03967853272694008,0.15889242178662222,0.15641015385275167,23.601061107313498,0.028861840144320607,1,0
0.8611797516341833,12.305662611734599,0.5384267927441952,11.395779817148254,0.8903267631310167,0,0
11.256683950484401,95.48149889116644,520.9391593617654,0.7899128008087415,0.06137738811877328,2,1
20.36563850534415,0.036550139447012464,0.2712406057734572,504.1189199688723,0.29837783918949834,1,0
21.95088255762036,0.9585578571525746,0.18472260658267284,519.7410462688797,0.194036518539333,1,0
0.009738674884361294,4.05234108607733,0.05453012946249694,30.973431793417006,0.07442404304833974,1,0
0.8268239362627059,11.428254177936658,1.194107906839055,9.827272213323845,0.6612740276736502,0,0
0.8641655966460045,9.88553301305521,1.2229827813786225,9.316102601858418,0.6106712601106645,0,0
21.397047625286838,1.5467620955644994,0.27448975952339055,511.34834600137907,0.2844734969340206,1,0
0.7567981159220571,10.119117793743243,0.515418697545726,11.155287689456205,0.8862099382755122,0,0
13.754336498670828,114.90787187561777,434.90271033426444,10.736568894659898,0.13993015351899496,2,1
0.7505986258719128,6.169559580993469,0.4367442192522082,11.017151529875111,0.8478194053644856,0,0
0.8439184123242964,2.9714644913961017,0.8914623564002538,10.391797460065009,0.8916015988894612,0,0
0.8467337337379996,8.657778550676221,0.5880031341387586,9.477862335728416,0.7814861768071623,0,0
20.815359548240387,0.7983335890220391,0.17957853222140124,539.1769794882705,0.13078390195658102,1,0
0.039027801344360694,1.5181196907192014,0.06233796570300829,20.047113590721832,0.03484868032907591,1,0
21.97424775424757,0.2340234497158924,0.23991537408561586,507.3939545429795,0.23970612504182742,1,0
22.317868182348146,0.5297908944734668,0.19358695125771505,535.7450436913374,0.18023758280779653,1,0
20.486700217347437,0.02521503995151808,0.16792670509151478,531.6439773273606,0.2438707244738317,1,0
0.8841490475534468,4.189141326816157,1.0000346740821906,11.082451720529493,0.7537964259435159,0,0
22.084945658379628,1.7202447943784092,0.23395529666800494,502.3771295209014,0.1961013894515658,1,0
11.329142617488323,97.82703182303398,281.9318703065503,29.01347396172605,0.14170610725087224,2,1
20.74561946278228,0.6338852435345628,0.2426478970475052,552.5293190237538,0.16049326349229392,1,0
0.8500826537378543,7.022312119515456,0.9108453575246109,9.256024009452975,0.6129020855600819,0,0
0.9155222773074544,2.479411664552618,1.0803527432223294,10.757430437915705,0.7759437276566121,0,0
0.7079241400241137,2.62832658158741,1.3134784963084003,9.84743623193108,0.8851377511725887,0,0
20.66151279030694,0.43641506910434447,0.2622215319915555,514.9801371644138,0.15264946930360224,1,0
6.023310128909518,110.95727011884848,395.20103765924966,9.65194087046879,0.027264539664179133,2,1
21.03680336905612,129.10778669740458,621.7202030889879,5.829397468683444,0.14215292655964193,2,1
6.054879043244348,165.07476973875973,170.78349017683695,1.8319652501626125,0.06568498307143684,2,1
21.80911866515985,1.2379831293971764,0.2822319899068503,546.5546919684383,0.12558738490235663,1,0
24.07265215659379,121.70943488272854,125.86006536899444,5.783300710181356,0.058832669015031015,2,1
0.7044303267688438,2.306755582698243,1.3406398116783902,10.375555686561047,0.769377191680039,0,0
0.8678365338219601,0.6817875065369394,1.0052406215281267,9.680223553220834,0.80100976134227,0,0
0.7692183599657437,10.11026302325951,1.2820408098133353,11.747422750052017,0.8153798072820305,0,0
0.8466218704559039,11.810805401284993,0.7360835922947171,10.890741658368473,0.6745150826229622,0,0
24.90843025850912,115.87600794453832,422.93206112108516,16.233044661858347,0.06084678891708562,2,1
22.65685929272532,0.44380092156874573,0.21439238247261724,552.8938072964454,0.24626330394065923,1,0
20.856877965686728,1.4692166014210701,0.007183879581145047,535.0896686783475,0.28829484750121304,1,0
0.8380627776184939,8.764714678846504,1.3616212146873845,9.136339141024374,0.6842889568776691,0,0
0.04856975470208198,0.9048847635474488,0.17087701867391583,27.384167846720523,0.049446214880635414,1,0
0.7923180242174983,0.7593370840361119,0.15514856716994715,10.721849598207031,0.7178685326679537,0,0
0.0455312001770152,3.1238063552162556,0.06717317142996702,32.376609971339896,0.07261184243901811,1,0
22.29415742442884,1.3421105677198288,0.13059726643657085,532.9585862888063,0.1623968040652837,1,0
0.8412469621539433,1.2620994749257326,0.32628019973245925,11.695662565581237,0.781928717897877,0,0
21.786078983775813,0.34422120564555536,0.27765666235556424,504.10004629073626,0.18607494993815865,1,0
21.831214001023874,1.8986135941155313,0.11899481191561628,557.2452161923779,0.12700025548424138,1,0
21.518990928062802,0.7008265000203948,0.27387930143240696,520.3862145379306,0.1911238312874503,1,0
5.829946510198127,118.98607816761567,435.84679680020497,25.8090799629212,0.1000391171188021,2,1
12.6323299821827,159.77110850091503,305.5546496866791,19.016231876184857,0.028802412711005507,2,1
20.371538080117453,0.14107127518591311,0.27282885110576294,511.40772597912235,0.2642500309119409,1,0
24.674231664183036,94.51578152879766,158.01673587254027,21.753473873151307,0.0422737504943208,2,1
0.000644873489476272,2.7014970338074984,0.17023014708519635,34.36447469408882,0.11314899012265785,1,0
0.909891225996919,9.0926195167632,0.42009992770484783,11.01510205321757,0.7854384721373687,0,0
0.7785149145376442,5.30683738104654,1.259977837068514,11.367878544959057,0.6923387495042237,0,0
21.777050985780086,1.824726691233382,0.06319865670169997,537.3779950138089,0.2263120440185041,1,0
21.756691186379907,1.0827488418148765,0.02580964710988296,503.42161484021716,0.12109668549220715,1,0
0.817150894611516,1.7309196326837606,0.9478930450527759,9.3516117170407,0.7011619726697256,0,0
22.485464401685725,1.42569199172191,0.20900853343102457,519.4607484617034,0.1467793862944407,1,0
0.7698690949574456,0.002020395067279801,0.8155807949321217,9.140555725582809,0.6828508673462699,0,0
0.01916421198211007,2.4675049607720414,0.05666095248498613,31.80154255035691,0.07948963137981833,1,0
20.535968744172614,166.27928697492626,209.09059170240323,13.195222704979914,0.024824966199548344,2,1
20.57939859376188,0.1681964489359693,0.09793007295098789,533.5906587385298,0.12316877135605153,1,0
0.006012361325583782,0.34170467766130197,0.05266315675064002,20.691853465036008,0.11343415598387713,1,0
0.7134043187785584,10.41026121158613,0.35585163238241024,9.957135222996719,0.7246542189186198,0,0
21.465123886948817,1.4751314981856536,0.15757192725604804,501.9587406527401,0.2737103012640577,1,0
22.461462753440824,1.6526816219003735,0.17640013902888851,521.1861733363033,0.2599566728891567,1,0
0.7261053351843985,2.578147682038864,0.7671370591651322,11.213641245506228,0.6417006615597233,0,0
0.770563402896388,10.866340089211754,1.1441718168433501,9.601077430646138,0.8604368440471593,0,0
21.368209952651107,1.5703519227860272,0.05990213464750792,530.8540663048167,0.21848291377240847,1,0
22.873837579778414,1.0822276497576895,0.1815268555621615,513.2292583648849,0.2251301578854553,1,0
20.87438274048138,0.4150818724114069,0.07144399609970889,554.5060731127625,0.19361381084685803,1,0
9.375434168217593,119.35984562828384,553.7153404640683,12.115776676179497,0.091231706514967,2,1
0.02275859958668282,3.3388029580157648,0.16747341595403015,22.545926428653846,0.003828973599367336,1,0
0.029615068553104786,3.473268864050877,0.07293413524686732,31.07758817765778,0.13332341697587446,1,0
22.872743045251454,0.7980706352848694,0.251940481999328,511.3124363449551,0.23449209960500575,1,0
0.7054305145894085,5.441304005987281,0.8653748596148757,11.519461056610465,0.6382457040420738,0,0
20.087465558066267,1.8144978887128116,0.04688511286493286,513.2053206122832,0.20365523528952928,1,0
21.261607335995226,1.569336527888619,0.1918084070922727,548.3026800511617,0.2806302117353252,1,0
0.044295699774871244,4.080395211716756,0.003789080674870915,31.03876930327983,0.04167991472366633,1,0
0.0392384840912494,4.972076337794367,0.12109625010518908,24.61829573024374,0.16750616681521113,1,0
22.26078389223726,0.4073342755453697,0.09826564955403973,532.8011153059573,0.21508187745722968,1,0
0.023142597750792533,2.1926924426871777,0.04370196687082606,25.951952706294747,0.008877554434170888,1,0
0.7071759486351445,0.8655439262384829,0.72211148893812,9.82664381765845,0.7866118687112982,0,0
0.854546498477164,5.3923672682963275,0.5110285819702907,11.428083466435542,0.8430340184037542,0,0
0.03478921996725411,1.1427501089864984,0.034990985419187236,34.73252514994154,0.10332717825420286,1,0
22.297914724565537,0.8273573579705207,0.1958918765723818,534.7771458336882,0.10444369640511608,1,0
0.043301783752287826,0.04955347745576821,0.15560926129663985,26.91100400362511,0.19776810826073263,1,0
0.9181245737319106,0.9227553935885258,1.3360687767924457,10.54823706133085,0.871954115833374,0,0
20.42938395664541,0.40908918633892655,0.21421922466708423,529.6388892278518,0.25092705837202334,1,0
0.04928252270553004,1.2102763575575022,0.13442710948117573,31.424294229930766,0.04752750879847994,1,0
24.345423807405954,154.36125178351992,674.2808995238777,13.099598838130126,0.07126505110375807,2,1
0.8559933142792017,13.064536856191284,1.099721704985399,11.405184249209375,0.7018350577628418,0,0
0.01209466470564446,2.5030178557735376,0.13592406654702158,21.143588269603466,0.0549407630095784,1,0
0.8063247426925916,5.741761506045608,1.2748052512990535,9.435980077261512,0.7517090231344121,0,0
0.02703968774927722,3.5512139931165576,0.06287002263674968,27.06751848399222,0.16432737954209434,1,0
22.268489986685736,0.6951430484779642,0.1994735173461654,547.7269976473838,0.28543556389589053,1,0
0.727060724927224,8.37963594675638,0.5804342944417215,11.187520462648344,0.7956874945775819,0,0
21.052457328005048,0.7251195931181891,0.24171435770046534,519.6907689678567,0.1418118747413692,1,0
21.67755442048798,1.2564762209265627,0.1598027660284665,538.1053463545832,0.18996844159451184,1,0
0.04539192569417671,2.5352982336935916,0.03758407616306461,21.154575040713112,0.13923122902758506,1,0
0.03922104290017089,1.8849277096314005,0.11039806042414423,32.07129682984542,0.009211346837991274,1,0
0.01712621285892717,1.1367549151499352,0.08471937248409658,24.318944247135892,0.1229900526305309,1,0
0.850472029267591,9.237767465848707,1.42144824638506,11.832754791375502,0.8601596800665011,0,0
0.7300521988032579,9.774596407159148,1.134036441385263,9.94688203129005,0.7934497812066942,0,0
0.8846196868956657,2.4101937706776777,0.13496032696386945,10.347116303790378,0.6712435670256772,0,0
20.49279739379298,1.6291494404627642,0.19955916620886002,531.3839254861472,0.1717660968247005,1,0
11.956446948660918,145.82113640650084,426.880651165659,4.206483026163262,0.043459197560732195,2,1
22.143272492213725,1.518010565043862,0.030754789219942333,530.8312678524061,0.20177811111821117,1,0
0.022610123955176937,3.6954571099647655,0.1373027886086505,32.22608151013711,0.17549042532063377,1,0
16.52977806279732,120.78624911917998,585.9872462100834,7.529545281316202,0.03365744696996932,2,1
22.824394426329576,0.7722052756015485,0.28835716914717424,554.3210385173638,0.1391582269578593,1,0
0.7814510808506069,11.269183865606504,1.3557934051101754,11.538372631590695,0.6548440165617677,0,0
0.8371255879020627,4.963470372789738,0.18898169040043308,9.932946965146986,0.6975549966080241,0,0
22.16243928893152,1.6106299347158102,0.29661863458663285,536.1918441306187,0.2613700297925172,1,0
0.0453049393859277,2.1719718275521434,0.07001568153893514,29.676550430458473,0.13378481193261993,1,0
0.8159911853658608,5.877874446136183,1.0227592702573371,9.326679941943118,0.7909615940260063,0,0
0.7787156183715972,7.413186708754498,1.2595489534121058,10.005624142112618,0.6521284779407232,0,0
0.02088833910836669,2.106785011385351,0.1475164603177783,23.581657186524534,0.02209482262627893,1,0
0.030896577992314902,1.7092364274904603,0.1747749911042037,20.19360841971488,0.04533813041498474,1,0
21.259181950778366,1.277051895328171,0.11927831938883827,516.4529121409201,0.29679552959196565,1,0
21.71086081619417,0.4202143858247036,0.22268141767568603,501.51194568926417,0.17096637110863253,1,0
0.8821311808332695,4.073143737296128,1.4513525625470778,10.371795484841186,0.8526069225035944,0,0
12.139648589373277,147.12697269936265,211.85188291238475,22.606398381026228,0.08185439532195388,2,1
20.916812646470646,1.7533015236564011,0.2989003012881742,522.098571830411,0.1897221261909085,1,0
0.9126404536414582,9.421792968653577,1.4028994668927437,11.028315077443056,0.6921716885543161,0,0
0.02876795865645493,2.1453118465133296,0.05518453887610937,31.52871996369803,0.045254486000637244,1,0
0.014796601471830807,3.3191223742636256,0.19306054472607997,20.75625160403314,0.17807686417105323,1,0
0.026986630937997143,3.139750263863179,0.13486076128180968,27.987217888391392,0.14428441346574636,1,0
21.698214939344496,1.5029058889186873,0.03958959588718852,530.7909850254067,0.1388895288863377,1,0
20.124718577151178,0.2966864019241777,0.29598903688765404,557.9071217861627,0.10098799618688192,1,0
0.045863403328884035,2.032952686797361,0.02865629174052822,30.72078250253054,0.05867068428820197,1,0
0.04478633629630865,2.916332589065227,0.09339359999272215,25.10556119458644,0.18808970114723453,1,0
0.8207756988771612,3.2891094288581355,0.1471368494994218,9.643884219776409,0.7248364284213277,0,0
7.24794054352026,94.43780883988423,254.48752989548157,4.502013281231143,0.03900720603786508,2,1
0.8916893543943079,11.776254858596356,0.48317784074971937,11.735455886058276,0.6292523077391625,0,0
17.01890969075438,152.64718754103353,317.5011907189079,24.80793073045936,0.030613149173364038,2,1
0.7773569911927196,1.5213124267382478,0.7802204628608558,9.770329703161524,0.6854618705885769,0,0
21.043427623706577,1.3560323051181271,0.1697195891987373,516.0216962101653,0.2757259972710316,1,0
22.84535992088647,1.5272115883195216,0.042033952729935764,552.1080785538747,0.19748623964990272,1,0
0.7453678291185107,11.995781459472918,0.5670495046406604,11.595580042193433,0.874577155475347,0,0
0.8394165519484165,8.901920740570857,0.12274082049323519,11.186334163351942,0.6970591237456475,0,0
0.039337516757721847,4.853831032373915,0.05253512851973035,24.073531471265596,0.09457942656218098,1,0
0.8831199787254189,12.084732080450129,0.41404598239493673,9.678237213031688,0.845191593663971,0,0
22.632941058952344,0.08331363676536485,0.11929427387761082,545.7385419213164,0.1909837779015174,1,0
0.004407607906832223,0.9726751658424204,0.16411042785114377,30.149669522297714,0.12720946846782533,1,0
22.22688061451079,0.488323217432306,0.17940273519862487,523.1061561693817,0.27096115575985225,1,0
22.46537191053335,0.6901652556447735,0.10428576434480505,501.9082808891099,0.20974306184148173,1,0
0.7700939718079935,13.553376651487955,0.2086970863842938,11.486613828758877,0.7046670225125471,0,0
0.7927176891474345,0.4076252413626624,1.4527407749895176,9.382361878268608,0.8123064978991856,0,0
20.174250836504598,1.7323522915498704,0.18033450352296262,542.4843546677628,0.10411689885916049,1,0
24.33412280036921,152.74496288613153,149.93383972484338,25.957308887734044,0.07208399112544021,2,1
11.587585386041514,152.4039784666967,559.7472836562274,9.470791761152872,0.12174405216672803,2,1
0.7408422750782735,9.963290774834524,1.3343668565809113,11.442377056773486,0.8055402929623452,0,0
0.024631255214542958,0.056768223837095344,0.09373212839882526,20.84454913522756,0.023763583253614384,1,0
0.8635718163841537,2.411398440724623,1.245153833766687,11.496402533873226,0.7522403201282508,0,0
0.76135169757028,10.505367449591569,1.2853255991336283,11.568972875634277,0.7213524381366571,0,0
0.8420258799140341,0.683777369230032,1.424359245783839,11.526496129951143,0.688983744647128,0,0
21.429007199903296,0.9950797042922044,0.061404032717185184,535.467818195511,0.1372271795506696,1,0
20.62659221211722,1.8512746600506715,0.12424506729846803,523.7260560795748,0.1626412522140348,1,0
22.787684160895562,0.8102053890551328,0.2718333006397491,519.289742074873,0.19528739726875832,1,0
0.008080990564293572,1.2774667232780235,0.18932759083992146,28.402733875623678,0.15014590139986944,1,0
0.805681418010598,14.779290759982565,0.627434557913117,11.248734899928216,0.7178968346936577,0,0
0.7063957036756697,2.503276767823064,0.35384699189570734,10.163020784251183,0.7206981374059668,0,0
21.103487947207537,106.7199259228837,150.97977393367984,13.369257777536143,0.09874611592590928,2,1
22.858445051007518,0.6534850840600817,0.10632748463791646,530.3380492053175,0.28822416250673466,1,0
0.032128259976759575,2.10624026647036,0.12723547294164655,31.78477427120348,0.023667238184677464,1,0
0.9061241300208506,14.760472714186953,1.215078145061413,11.270274270740785,0.8041674485337305,0,0
20.70737628187763,1.552000414070859,0.12159305492572302,536.1113230197205,0.22650810664526122,1,0
22.370526621593616,1.2119199495620228,0.2778902635540047,539.0646215301167,0.28299193510875614,1,0
21.978061766617348,1.7902354814130728,0.1910009046501622,536.8360150856037,0.113330408112138,1,0
0.03740023681857017,4.06356809946531,0.14136757115610823,34.508953812895484,0.1653304114921281,1,0
20.000565198669747,0.338162140711985,0.11692781622794762,522.7701742024831,0.14534607658470214,1,0
0.04029962748875791,2.7511327107813086,0.008682506570963833,29.497270633910336,0.1902806684413314,1,0
20.319736190386024,0.280037077320898,0.07910514079038493,515.989903602253,0.24643691569181247,1,0
0.049344797269414875,3.772846806028683,0.04972097692266127,28.075924689304365,0.19842712789571657,1,0
17.77926043946569,97.33024916020433,361.008756604134,9.13332538118853,0.08181419253175697,2,1
0.038677637093244364,0.6170040760279821,0.12526447033123903,24.177060933913285,0.17059639906611831,1,0
0.8501835731097238,3.5343427678747257,1.421003801649248,11.613754882195957,0.6868322684904624,0,0
22.88830505075962,0.15121008123350155,0.1097042244784114,513.5228760804059,0.139166616826854,1,0
20.55455820135586,167.24906449909722,606.918451246305,11.110429056080498,0.10308515151910243,2,1
0.043867780610263,4.871861193396288,0.005503837028083059,32.597242432182966,0.15035443460781867,1,0
0.03367732890656954,0.6868087298433712,0.05537399389840245,20.69094595522966,0.18616481499802284,1,0
0.7979671561005864,7.722260308945353,0.6029267171596719,10.778852554304782,0.6490571617755068,0,0
0.8889396896569941,10.15411174495256,1.273071724792525,11.576292838048417,0.8245067560997219,0,0
13.6738866264076,166.3624596965638,317.95321100548614,23.92108643682961,0.14114884838616557,2,1
22.4175335978535,0.01592880949090225,0.27736831661304145,526.5983905710306,0.2106760375731495,1,0
20.274122314581227,0.6296516587032976,0.012915720814700571,546.8578318186661,0.17964555879160232,1,0
0.917298925741927,6.416597006037935,0.6380573060235543,11.03894184807921,0.6654761663595192,0,0
0.027346443799273847,2.37544936433384,0.1844868567312249,21.091024216680026,0.0561201626475832,1,0
0.8608546157800818,14.201340527605549,1.1942616708749587,9.941119536156195,0.674362007618527,0,0
21.47859375334234,0.8085794945097382,0.15928130352362815,535.707900494341,0.10198476422556713,1,0
0.7963988776665981,13.488905383870344,1.4471660252528193,10.332345739488996,0.8250085236426574,0,0
21.520761313885505,0.8188241436340367,0.24326357430237552,550.149555674631,0.16643820662312092,1,0
0.01779863393256308,3.7892305523218455,0.0028786977259511737,21.741089607603744,0.00920052840435055,1,0
0.012094444177707298,4.5553435138369185,0.167653071909141,30.640744506310863,0.1897691911662261,1,0
0.0005746236649057657,2.0438863061456605,0.18480537408514658,21.678209248236858,0.10328487764372221,1,0
23.955593959384597,102.70791571834664,558.1095062009274,3.7061349115534163,0.14718863660869153,2,1
0.7046055059218813,4.7365972687424405,0.17963395688870518,11.299581948664882,0.8106322362341378,0,0
0.016156532853513927,4.865488740351732,0.11602244593909361,23.813368698462398,0.10434600932724264,1,0
0.006104397735033668,1.7814891903848746,0.1813656883091508,24.08198374076953,0.12953802410827248,1,0
0.7292919009191813,1.5322429448630714,1.0221690046904208,11.828493424239785,0.8426650384908985,0,0
20.475872433579134,1.7639843394432717,0.24713342703034955,543.3032931630307,0.15430940948224847,1,0
20.804190922468628,1.248297815698268,0.12282349565737212,533.1228308511188,0.18722530582706332,1,0
0.036597903379281725,4.255871304263854,0.1342849339061229,32.14294963652662,0.1533312270400812,1,0
23.96739105577838,98.21931609002013,196.8686116197526,28.842015931754986,0.08063102154605194,2,1
22.711171901525812,1.9783698196267179,0.22300584686808725,503.8991845689736,0.18031604728509748,1,0
0.018018890996517378,0.34252703313489785,0.1526310582517779,26.124595141391765,0.15184974661216857,1,0
0.8935455285047557,0.7383137181114241,0.42351319402429466,11.692157152391145,0.6768574543318064,0,0
0.7266255001067424,6.284216852812131,1.1516492669317855,9.213022993599767,0.624054004224571,0,0
0.022277081937094545,1.0459273270396392,0.009995805731935748,32.65474496077736,0.19623850583282318,1,0
22.475392002998348,1.040593153837308,0.11203877884325203,507.3426054395107,0.24710112129750753,1,0
0.7046246434797677,12.294143295986999,1.254795274481945,11.363226564907109,0.6850092206673355,0,0
21.248461994539284,0.9626883032706472,0.005757683046917005,515.5887925247021,0.252057964624427,1,0
20.63734183158642,1.3270471878269046,0.12335924666476374,524.1443755579587,0.2769173776459227,1,0
0.7663031323161112,11.214140702643768,0.8038085461294707,9.696638085440451,0.8698723719823706,0,0
21.02632286259078,0.8599152395596434,0.2492847513165205,507.1934656083627,0.24698516947897883,1,0
19.758555379976006,143.7686318316078,628.5370963268515,1.9633742963097411,0.03855940382838131,2,1
0.01752937794032985,2.9495884342731653,0.07844880901994647,26.562123830355937,0.1808317388987497,1,0
20.830713462133428,1.9670429454304441,0.04221345841462752,512.1209401041494,0.13684496784760522,1,0
0.011469737285247484,1.329689624821195,0.07206901904105366,23.89924794281394,0.09064816936576621,1,0
21.65750290222367,1.0403397846215023,0.04286278840182351,546.5207690241881,0.15428187608934288,1,0
22.89538922638099,0.9767882601298792,0.045202832312963216,520.5430181620128,0.1826832898590523,1,0
21.581072288635585,1.6518415315997932,0.08951232929699778,550.3968298803483,0.2545645560033609,1,0
22.852318123194014,1.405081003069614,0.08941566259183294,506.3218953350514,0.2563647726689871,1,0
0.7411496246826551,4.855188546063655,0.6956110140629834,10.522831136053366,0.672722919724524,0,0
21.917096476744764,1.9070701957030176,0.2644846919633993,535.0699877318474,0.26675839018376546,1,0
0.7232087371626595,6.848018557243654,0.405816612103567,10.249529843611098,0.8649840776756605,0,0
0.029417611049157667,1.9884220721652734,0.1947600826714299,28.162979937555534,0.05504783620740166,1,0
0.7704109122267345,13.432848427443007,0.6448823502278282,9.032512954440895,0.8716145929257791,0,0
0.8013713289671996,3.0950057760868876,0.6099778054673056,10.51025181256457,0.8071184485888097,0,0
22.788817632265967,1.0645204266780803,0.17427961597883931,505.3775803492965,0.2435271571817259,1,0
12.11915546941281,103.36561034793127,457.88024524812624,24.524325659737904,0.05731852416899597,2,1
0.031170297907972006,2.8468868059114136,0.12413209596491681,23.0196816173365,0.07902754865286372,1,0
0.9156071665628049,7.389271409893044,0.5602522544025115,10.900202562950177,0.672043685633458,0,0
